,Parent Isotope,Mean Power Density Over 100 years (watts per gram)
2939,241Pu,2.8922067932285365
261,207Bi,2.4512380574051464
1881,228Ra,2.3774865221458263
366,250Cf,1.5716861143080878
1923,210Pb,1.4701294803462372
2320,244Cm,1.3616902365792742
151,227Ac,1.2597627207912816
2576,146Pm,1.237025906997633
1262,232U,0.647314568172586
281,148Gd,0.5380351480914887
2994,238Pu,0.5189325577954358
236,236Pu,0.4592810667215841
2919,252Cf,0.43853185589502675
1160,147Pm,0.41394936201932575
27,209Po,0.3425495368115531
1163,145Pm,0.3342210012340465
422,228Th,0.3199977160865265
397,32Si,0.2963035354967914
2482,241Am,0.2214149391018529
2735,250Cm,0.17001097612235394
2582,3H,0.1198856489978221
2323,90Sr,0.10336819534110213
2036,150Eu,0.08890587976365061
1561,101Rh,0.08402035570165214
3090,60Co,0.07385749473733132
50,193Pt,0.06377315302360197
1732,226Ra,0.06237854779048332
338,251Cf,0.059653421329434506
2065,137Cs,0.058561752013419024
598,157Tb,0.05412365895192669
2151,39Ar,0.04223822438717793
2763,204Tl,0.03761825925322502
2043,252Es,0.03684004734096513
2258,55Fe,0.03638111869668295
452,247Bk,0.033739360740058254
2936,151Sm,0.029803463625994987
1106,42Ar,0.027584797632464596
2098,174Lu,0.025864151521151135
764,172Hf,0.025468426325379063
2245,133Ba,0.02336773337909852
327,194Hg,0.022800068069017757
2981,194Os,0.019390286920410157
3024,22Na,0.01622359706928197
194,240Pu,0.014825530925793185
2333,154Eu,0.013670225115278763
771,158Tb,0.013390119002958473
2120,246Cm,0.011870454170569271
2301,152Eu,0.011700123669713321
755,44Ti,0.007683700443871111
2091,155Eu,0.007485189820618928
656,243Am,0.006170225858414434
3003,245Cm,0.005514657702565052
2248,243Cm,0.0054884849972844305
2716,229Th,0.005266592286984256
1030,63Ni,0.005089323671724454
1593,109Cd,0.004324812210266575
489,208Po,0.00379299604758374
586,125Sb,0.0035560838335689316
678,93Mo,0.0028448092697523045
985,49V,0.002084621130769273
1913,254Es,0.0020498375206168457
801,239Pu,0.0018499543694671283
2929,179Ta,0.001844043166668702
323,57Co,0.0013361449626135542
1664,14C,0.0013107385326885635
2292,231Pa,0.0012994074239919735
1009,230Th,0.0012310175937183191
1858,91Nb,0.0011467664162806914
2681,145Sm,0.0011197313878075126
870,85Kr,0.0011162413112263043
2419,249Cf,0.000664452269951331
2600,106Ru,0.0005420515109186149
2344,173Lu,0.0005099704560096992
1124,242Pu,0.00037105959887352957
2791,235U,0.0003629523261234244
2511,236Np,0.00033312147567951387
2580,171Tm,0.0002981196980054502
45,233U,0.0002594880832937083
620,134Cs,0.00022590118623418173
1323,234U,0.00018467388366345802
1509,163Ho,0.0001614123915722074
2986,94Nb,0.00016113838771692103
2980,144Ce,0.00011271784086397303
1813,137La,0.0001099990523443992
1162,65Zn,9.402848310116794e-05
2573,202Pb,8.715221648750095e-05
1719,235Np,8.355294473478404e-05
2264,81Kr,6.546010754441624e-05
2840,26Al,6.305576466699399e-05
375,249Bk,3.684395888852971e-05
379,248Cf,1.935915887925482e-05
2918,153Gd,1.496911709611523e-05
765,36Cl,9.81548489093183e-06
2739,144Pm,9.041363198836214e-06
789,126Sn,8.921118558126713e-06
2010,143Pm,8.421791192980899e-06
1581,41Ca,7.461167132342691e-06
312,68Ge,6.133666489684956e-06
1099,59Ni,5.378185481365333e-06
2022,79Se,4.577460561164976e-06
2384,195Au,2.9900181752452196e-06
2669,242Cm,2.273021422503917e-06
1832,208Bi,1.2602546523401562e-06
2973,54Mn,1.060843000880679e-06
2734,210Po,1.6859987962529168e-07
36,99Tc,1.6513785232492377e-07
2145,45Ca,1.5473413103487307e-07
14,248Cm,1.3971648654175065e-07
1138,102Rh,5.082967138729404e-08
1848,139Ce,3.753068864119068e-08
859,40K,2.3800840226711976e-08
2668,159Dy,2.1979859200321456e-08
56,238U,1.9938787026179395e-08
568,232Th,6.357543432757976e-09
318,170Tm,2.981997846276262e-09
1797,123Sn,1.401849340435186e-09
531,75Se,1.2697571789452912e-09
252,151Gd,1.1896168808418614e-09
2779,181W,9.987342743428239e-10
2143,147Sm,5.065801849421564e-10
657,88Y,2.846679464342766e-10
2147,113Sn,6.168979339844235e-11
482,87Rb,4.0043239543529757e-11
1798,149Eu,3.352479253384878e-11
2289,176Lu,1.7178488937274703e-11
2229,138La,1.4313232040834962e-11
1899,182Ta,6.176579155151987e-12
488,257Fm,1.1503677898207003e-12
1789,190Pt,9.1979779638356e-13
1329,83Rb,3.9017682718068174e-13
120,185Os,3.083565129477327e-13
2519,35S,3.075940228353623e-13
1528,88Zr,2.338668189198756e-13
2014,187Re,1.7980086979455892e-13
3084,46Sc,1.599142363074616e-13
2195,73As,7.548473483093376e-14
675,168Tm,4.2246294056038313e-14
2179,56Co,1.876743297612147e-14
1443,185W,1.1658078687642077e-15
2457,175Hf,5.543685009525313e-16
3128,160Tb,3.3075449389441117e-16
1236,192Ir,1.381366164506889e-16
2592,183Re,5.043824626028422e-17
277,254Cf,4.174161876685898e-17
40,188W,2.073944908803692e-17
2938,95Zr,1.215367951323562e-17
3014,58Co,3.991537915943447e-18
510,180W,3.587846320744361e-18
709,85Sr,3.522864358624902e-18
2906,209Bi,2.3517810077104025e-18
2412,125I,1.6404662520073241e-18
2060,151Eu,6.612215558228419e-19
1536,148Eu,2.1152339701382492e-19
636,48Ca,1.3015902695318807e-19
720,150Nd,6.485369686428339e-20
2298,116Cd,6.329098178157365e-20
2810,96Zr,6.102852179071675e-20
2908,100Mo,3.411187867303558e-20
1864,82Se,2.4159931724430846e-20
39,124Sb,1.5930612997003032e-20
2752,7Be,4.6986140253122515e-21
2490,91Y,4.111757923125179e-21
2297,76Ge,1.3866808190580742e-21
647,130Te,1.0859032998040743e-21
3066,89Sr,5.274412809021561e-22
1107,136Xe,3.7806019597516357e-22
1685,146Gd,1.7128285312937675e-22
6,258Md,8.747005710342318e-23
948,237Pu,3.133936861153006e-23
1805,128Te,1.274421573252234e-24
1025,203Hg,1.0861617729130564e-24
1902,59Fe,1.1267115962706406e-25
1699,181Hf,1.2285211781294731e-26
949,255Es,1.0415251775742232e-26
1538,105Ag,1.1441565272162705e-27
1511,103Ru,4.872412494735882e-29
925,127Xe,2.0807335792538325e-30
2435,95Nb,3.2854574827458116e-32
2562,37Ar,2.788599350815671e-32
2499,241Cm,1.4837201604241588e-32
762,184Re,5.835509732809524e-33
3117,84Rb,2.5704621970241338e-33
2362,141Ce,2.7909986842288487e-34
1214,169Yb,2.5193238273384155e-34
1660,240Cm,3.642832710847631e-35
44,244Pu,4.897985748866824e-36
1854,51Cr,3.4070009644041495e-39
423,233Pa,8.07321423004945e-40
2390,260Md,9.942331946740239e-41
1940,146Sm,3.445590191510965e-43
2886,33P,2.43522150824216e-43
500,82Sr,3.135063929937854e-44
341,234Th,1.3678933359210442e-44
419,147Eu,6.33980519376093e-45
998,178W,1.6805555533792533e-50
3103,253Es,2.8392236216330643e-52
566,230U,3.2110905231035316e-53
220,121Te,1.405670246158284e-56
3086,227Th,1.0988146098074963e-57
1448,86Rb,9.066949651854154e-59
1661,253Cf,4.377650194159752e-60
2067,74As,8.640238625047173e-62
2180,230Pa,5.2080760106759315e-62
2231,103Pd,1.2160976066007626e-64
162,99Rh,4.229903170488129e-68
1394,48V,4.20341716795827e-68
2438,205Bi,1.838622670980566e-72
2397,225Ra,5.6079824655386394e-73
2132,156Eu,3.6344391954874163e-73
2618,191Os,3.2228145815302658e-74
2189,32P,7.178053769180048e-76
2079,143Pr,8.067804900182646e-81
20,189Ir,3.5878957241264774e-83
38,126I,6.331427288490307e-85
854,136Cs,4.2414247083738324e-85
181,140Ba,3.827989098920071e-86
2745,92Nb,4.4243195467599293e-88
289,202Tl,4.338114437517137e-89
3145,126Sb,1.5832450141060222e-89
659,190Ir,4.767887184463954e-94
918,223Ra,1.502237562275396e-94
1818,131Ba,2.8942415950260913e-95
2081,71Ge,8.485275014439564e-96
1022,147Nd,8.385170221188351e-99
233,246Pu,4.373988208884745e-100
2314,188Pt,6.017544573852199e-109
1955,225Ac,1.520047505858789e-109
1172,131Cs,2.9427813747337194e-113
2795,125Sn,1.2092947774669559e-114
1481,149Gd,4.202500445960145e-117
600,169Er,2.3388958089517294e-117
2480,167Tm,1.3690445351625027e-118
1152,206Po,4.571447626881262e-126
244,236U,6.069272148318248e-127
612,72Se,1.6040502620676454e-131
565,171Lu,7.838948426881938e-134
1094,131I,2.5860703192042717e-137
2532,257Es,1.2701951499150607e-143
1490,111Ag,3.153810641661058e-149
2037,161Tb,1.9491510062205877e-159
208,237U,3.358094681531174e-161
493,172Lu,3.056611151881811e-163
2907,177Lu,3.9997325613474735e-166
377,132Cs,1.746888334673639e-169
2713,205Pb,1.2552867457094032e-175
286,206Bi,4.9570241116560924e-177
2565,196Au,7.012879497342926e-180
1158,56Ni,1.1952486893154776e-181
1413,118Te,8.069408850292916e-184
11,145Eu,1.1684727033343147e-184
316,129I,5.277602919096163e-187
1890,247Cm,2.4358992245339264e-191
739,52Mn,1.3823812940732426e-195
1364,148Pm,6.736514110025525e-205
292,155Tb,6.120714290207162e-206
1467,156Tb,5.1452916987262704e-207
75,133Xe,4.100878516307094e-211
1423,183Ta,1.0080030862265672e-215
1681,210Bi,6.244734312926193e-218
863,245Bk,5.5862777098870945e-223
1167,146Eu,1.4339601977586005e-237
2070,47Ca,7.990720676600073e-242
1230,234Np,1.1910912208859448e-249
59,96Tc,1.5332227431258616e-258
2318,231U,1.0203088064810836e-262
2093,175Yb,1.062599597555049e-263
1545,124I,6.941908275476221e-265
1102,127Sb,1.4237322276261648e-285
166,222Rn,5.034806291528378e-286
2675,186Re,4.787675530743028e-296
1541,224Ra,4.362496528563627e-301
2965,100Pd,1.6141460072907273e-303
2105,112Sb,0.0
2099,11N,0.0
2171,100In,0.0
2100,146I,0.0
2165,159Yb,0.0
2103,244Fm,0.0
2172,134I,0.0
2076,263Hs,0.0
2101,97Ag,0.0
2104,228Pu,0.0
2102,161W,0.0
2078,119Ba,0.0
2170,18C,0.0
2080,173Hg,0.0
2097,58V,0.0
2082,285Cn,0.0
2083,12B,0.0
2084,217At,0.0
2085,238Th,0.0
2086,34Na,0.0
2169,75Fe,0.0
2087,154Ba,0.0
2088,78Zn,0.0
2089,45P,0.0
2168,79As,0.0
2090,147Ce,0.0
2092,66Mn,0.0
2077,240Pa,0.0
2167,162Tm,0.0
2094,235Pu,0.0
2166,94Ru,0.0
2096,175Pt,0.0
2095,137Nd,0.0
2160,193Bi,0.0
2164,64Ti,0.0
2121,104Sn,0.0
2149,63Zn,0.0
2148,71Zn,0.0
2123,75Ga,0.0
2124,133Cd,0.0
2125,190Hf,0.0
2146,63Cr,0.0
2126,243U,0.0
2144,213Th,0.0
2127,26Ne,0.0
2128,100Rb,0.0
2129,103Y,0.0
2130,170Pt,0.0
2131,56Mn,0.0
2133,15Be,0.0
2142,228Fr,0.0
2141,219Pa,0.0
2140,47Fe,0.0
2134,229Fr,0.0
2139,145Tm,0.0
2135,126Pm,0.0
2136,68Ga,0.0
2137,126Pd,0.0
2138,214Pa,0.0
2122,175Dy,0.0
2150,173Pt,0.0
2106,82Y,0.0
2119,187Hf,0.0
2163,138Xe,0.0
2162,116Mo,0.0
2161,6H,0.0
2107,105Nb,0.0
2108,120Sb,0.0
2109,179W,0.0
2159,163Ta,0.0
2110,183Pb,0.0
2111,67Ni,0.0
2158,87Zr,0.0
2112,132Eu,0.0
2157,113Sb,0.0
2113,46Mn,0.0
2114,203Au,0.0
2115,69Co,0.0
2116,23Al,0.0
2117,39P,0.0
2156,75Sr,0.0
2118,70Ni,0.0
2155,255Cf,0.0
2154,175Re,0.0
2153,126Cs,0.0
2152,113Tc,0.0
2173,215Ac,0.0
0,63Se,0.0
2174,193Os,0.0
2307,106Y,0.0
2296,195Ir,0.0
2299,146Ho,0.0
2300,199Pt,0.0
2302,136Nd,0.0
2303,158Eu,0.0
2304,147Gd,0.0
2305,91Br,0.0
2306,43Cr,0.0
2308,114Sb,0.0
2321,161Os,0.0
2309,156Nd,0.0
2310,185Ir,0.0
2311,38Si,0.0
2312,227Pa,0.0
2313,222Po,0.0
2315,79Rb,0.0
2316,246Md,0.0
2317,90Rb,0.0
2295,157Ta,0.0
2294,119Pd,0.0
2293,270Mt,0.0
2291,130Cs,0.0
2273,111Rh,0.0
2274,291Fl,0.0
2275,191At,0.0
2276,180Pb,0.0
2277,115Te,0.0
2278,220Po,0.0
2279,256Lr,0.0
2280,62Mn,0.0
2281,142Ho,0.0
2282,186Pb,0.0
2283,193Po,0.0
2284,240Am,0.0
2285,277Rg,0.0
2286,218Fr,0.0
2287,147Xe,0.0
2288,129Sn,0.0
2290,118I,0.0
2319,188Tl,0.0
2322,186Au,0.0
2271,95Cd,0.0
2356,257Db,0.0
2348,105Sr,0.0
2349,265Db,0.0
2350,266Mt,0.0
2351,203Rn,0.0
2352,236Th,0.0
2353,167Dy,0.0
2354,115Tc,0.0
2355,175Hg,0.0
2357,89Rb,0.0
2324,77Sr,0.0
2358,247Pu,0.0
2359,264Bh,0.0
2360,75Rb,0.0
2361,278Nh,0.0
2363,98Ag,0.0
2364,73Sr,0.0
2365,280Cn,0.0
2366,199Os,0.0
2347,86Zr,0.0
2346,259Md,0.0
2345,59Zn,0.0
2343,180Os,0.0
2325,101Sr,0.0
2326,67Cr,0.0
2327,193Tl,0.0
2328,52Ca,0.0
2329,18N,0.0
2330,166Hf,0.0
2331,257Md,0.0
2332,112I,0.0
2334,111Nb,0.0
2335,113Cs,0.0
2336,135Cs,0.0
2337,40Ti,0.0
2338,152Ce,0.0
2339,152Cs,0.0
2340,21B,0.0
2341,166Yb,0.0
2342,129Sb,0.0
2272,69As,0.0
2270,191Po,0.0
2175,118Pd,0.0
2209,219Th,0.0
2201,121Rh,0.0
2202,123Ag,0.0
2203,195At,0.0
2204,196At,0.0
2205,45K,0.0
2206,100Cd,0.0
2207,158Ta,0.0
2208,206Ac,0.0
2210,49Ca,0.0
2221,224Pu,0.0
2211,48Cl,0.0
2212,197Hg,0.0
2213,235Ra,0.0
2214,132I,0.0
2215,220Ra,0.0
2216,130Sm,0.0
2217,124Ag,0.0
2219,179Er,0.0
2200,24F,0.0
2199,168Ho,0.0
2198,83Sr,0.0
2197,78As,0.0
2176,177Pt,0.0
2177,166Ir,0.0
2178,17Ne,0.0
2181,32Ne,0.0
2182,84Mo,0.0
2183,210Hg,0.0
2184,74Ni,0.0
2185,198Fr,0.0
2186,280Nh,0.0
2187,72Kr,0.0
2188,222Fr,0.0
2190,130Pm,0.0
2191,99In,0.0
2192,257Lr,0.0
2193,275Bh,0.0
2194,225Pu,0.0
2196,75Br,0.0
2220,235Th,0.0
2222,167Os,0.0
2269,135Gd,0.0
2257,141Pm,0.0
2249,273Ds,0.0
2250,54Ar,0.0
2251,132Ce,0.0
2252,165Hf,0.0
2253,171Gd,0.0
2254,235Pa,0.0
2255,164Sm,0.0
2256,134Te,0.0
2259,102Ag,0.0
2223,184Au,0.0
2260,55Sc,0.0
2261,224At,0.0
2262,173Au,0.0
2263,157Sm,0.0
2265,199Rn,0.0
2266,125In,0.0
2267,58K,0.0
2268,147Tm,0.0
2247,156La,0.0
2246,68Cr,0.0
2244,86Se,0.0
2243,94Rb,0.0
2224,169Hf,0.0
2225,131Nd,0.0
2226,92Tc,0.0
2227,207Au,0.0
2228,148Cs,0.0
2230,95Sr,0.0
2232,21Mg,0.0
2233,254Lr,0.0
2234,261Bh,0.0
2235,66Ga,0.0
2236,127Nd,0.0
2237,233Ra,0.0
2238,106In,0.0
2239,45Ti,0.0
2240,44S,0.0
2241,117Ru,0.0
2242,262Sg,0.0
2218,287Cn,0.0
2015,181Lu,0.0
2075,86Ge,0.0
1801,81Se,0.0
1790,108Rh,0.0
1791,87As,0.0
1792,135Pm,0.0
1793,60Ca,0.0
1794,93Pd,0.0
1795,229Pu,0.0
1796,149Pm,0.0
1799,39Cl,0.0
1800,142Cs,0.0
1802,158Pm,0.0
1787,144Xe,0.0
1803,173Ta,0.0
1804,171Re,0.0
1806,29Ne,0.0
1807,85Ru,0.0
1808,126Cd,0.0
1809,144Gd,0.0
1810,85Se,0.0
1811,48S,0.0
1812,38P,0.0
1788,186Hf,0.0
1786,188Ir,0.0
1868,40Mg,0.0
1774,127Cs,0.0
1765,276Mt,0.0
1766,29F,0.0
1767,35Al,0.0
1768,161Ho,0.0
1769,121Sn,0.0
1770,78Co,0.0
1771,80Ga,0.0
1772,114In,0.0
1773,219Np,0.0
1775,130Ag,0.0
1785,19C,0.0
1776,100Y,0.0
1777,109In,0.0
1778,201Pt,0.0
1779,170Gd,0.0
1780,140La,0.0
1781,176Au,0.0
1782,279Mt,0.0
1783,107I,0.0
1784,89Ge,0.0
1814,25Na,0.0
1815,10N,0.0
1816,61Ti,0.0
1853,142La,0.0
1843,162Ho,0.0
1844,108I,0.0
1845,238Pa,0.0
1846,173Ho,0.0
1847,222Th,0.0
1849,253Bk,0.0
1850,159Nd,0.0
1851,189Pt,0.0
1852,194Re,0.0
1855,132Pr,0.0
1817,171Hf,0.0
1856,114Pd,0.0
1857,258Fm,0.0
1859,165Lu,0.0
1860,288Nh,0.0
1861,127Pr,0.0
1862,213Fr,0.0
1863,271Hs,0.0
1865,85Mo,0.0
1866,24Al,0.0
1842,192Po,0.0
1841,207Hg,0.0
1840,31Cl,0.0
1839,93Tc,0.0
1819,204Bi,0.0
1820,163W,0.0
1821,252Lr,0.0
1822,52Ar,0.0
1823,57Ti,0.0
1824,68Co,0.0
1825,55Zn,0.0
1826,84Br,0.0
1827,93Se,0.0
1828,123Rh,0.0
1829,146La,0.0
1830,66Fe,0.0
1831,77Kr,0.0
1833,135Eu,0.0
1834,155Ce,0.0
1835,148Ba,0.0
1836,281Nh,0.0
1837,174Ho,0.0
1838,144Ho,0.0
1764,128Rh,0.0
1763,82Rb,0.0
1762,274Hs,0.0
1701,132Ag,0.0
1691,61Cu,0.0
1692,161Lu,0.0
1693,164Yb,0.0
1694,212Rn,0.0
1695,215Tl,0.0
1696,42Sc,0.0
1697,260Sg,0.0
1698,271Bh,0.0
1700,88Mo,0.0
1702,85Nb,0.0
1713,114Xe,0.0
1703,99Y,0.0
1704,121Ce,0.0
1705,116Nb,0.0
1706,104Rb,0.0
1707,196Po,0.0
1708,264Lr,0.0
1709,154Hf,0.0
1710,166Pt,0.0
1711,59Cu,0.0
1690,144Cs,0.0
1689,41Si,0.0
1688,237Pa,0.0
1687,122Rh,0.0
1666,272Ds,0.0
1667,158Hf,0.0
1668,195Os,0.0
1669,42Cr,0.0
1670,219Po,0.0
1671,220Ac,0.0
1672,83Y,0.0
1673,201Rn,0.0
1674,117La,0.0
1675,47Cr,0.0
1676,147Er,0.0
1677,266Rf,0.0
1678,141Gd,0.0
1679,39Na,0.0
1680,136Sm,0.0
1682,286Rg,0.0
1683,145Tb,0.0
1684,97Kr,0.0
1686,175W,0.0
1712,198Po,0.0
1714,88Rb,0.0
1761,231Rn,0.0
1750,27F,0.0
1741,133I,0.0
1742,120Ag,0.0
1743,141Sm,0.0
1744,268Db,0.0
1745,237Ac,0.0
1746,50Ar,0.0
1747,11C,0.0
1748,129Cs,0.0
1749,165Tb,0.0
1751,15O,0.0
1715,31F,0.0
1752,1n,0.0
1753,164Hf,0.0
1754,57Sc,0.0
1755,130Eu,0.0
1756,168Re,0.0
1757,229Np,0.0
1758,162Nd,0.0
1759,166Dy,0.0
1760,225Rn,0.0
1740,275Ds,0.0
1739,228Rn,0.0
1738,198Ir,0.0
1737,196Pb,0.0
1716,170W,0.0
1717,208Ac,0.0
1718,92Kr,0.0
1720,273Bh,0.0
1721,114Cs,0.0
1722,113Rh,0.0
1723,231Pu,0.0
1724,46S,0.0
1725,173Tm,0.0
1726,50Fe,0.0
1727,205Hg,0.0
1728,255Md,0.0
1729,61Ge,0.0
1730,120Ru,0.0
1731,287Mc,0.0
1733,19Ne,0.0
1734,31Ne,0.0
1735,84Se,0.0
1736,172W,0.0
1867,121I,0.0
1869,123Ru,0.0
2074,51K,0.0
2006,126Nd,0.0
1997,102Nb,0.0
1998,117Te,0.0
1999,134Gd,0.0
2000,159Gd,0.0
2001,164Eu,0.0
2002,50Sc,0.0
2003,95Kr,0.0
2004,233Th,0.0
2005,190Pb,0.0
2007,177Os,0.0
1995,122Ru,0.0
2008,290Nh,0.0
2009,136Te,0.0
2011,209Fr,0.0
2012,214Hg,0.0
2013,259Rf,0.0
2368,216At,0.0
2016,13N,0.0
2017,209Au,0.0
2018,211Rn,0.0
1996,62Zn,0.0
1994,153Ho,0.0
1870,117Pd,0.0
1982,69Se,0.0
1973,92As,0.0
1974,40Si,0.0
1975,236Am,0.0
1976,154Dy,0.0
1977,181Tm,0.0
1978,230Ra,0.0
1979,95Ru,0.0
1980,44Cr,0.0
1981,160Sm,0.0
1983,30P,0.0
1993,160Eu,0.0
1984,126La,0.0
1985,170Au,0.0
1986,174W,0.0
1987,161Hf,0.0
1988,225Po,0.0
1989,240U,0.0
1990,278Ds,0.0
1991,107Te,0.0
1992,73Fe,0.0
2019,18F,0.0
2020,220Bi,0.0
2021,177Ta,0.0
2059,181Os,0.0
2050,159Sm,0.0
2051,200At,0.0
2052,179Tl,0.0
2053,148Er,0.0
2054,115Sb,0.0
2055,53Co,0.0
2056,168Tb,0.0
2057,101Tc,0.0
2058,143Eu,0.0
2061,159Re,0.0
2023,49Ar,0.0
2062,180Re,0.0
2063,34Ar,0.0
2064,65Se,0.0
2066,217Ac,0.0
2068,91Sr,0.0
2069,140Pm,0.0
2071,251No,0.0
2072,243Es,0.0
2073,179Pb,0.0
2049,20Mg,0.0
2048,221U,0.0
2047,70Ga,0.0
2046,99Zr,0.0
2024,160Lu,0.0
2025,37S,0.0
2026,43V,0.0
2027,106Mo,0.0
2028,33Al,0.0
2029,224Po,0.0
2030,197W,0.0
2031,72Mn,0.0
2032,113Nb,0.0
2033,36P,0.0
2034,81Ge,0.0
2035,135Sb,0.0
2038,161Eu,0.0
2039,99Nb,0.0
2040,209Rn,0.0
2041,74Sr,0.0
2042,151La,0.0
2044,167W,0.0
2045,288Fl,0.0
1972,79Cu,0.0
1971,215Fr,0.0
1970,271Ds,0.0
1907,210Rn,0.0
1896,150Dy,0.0
1897,179Re,0.0
1898,75Cu,0.0
1900,114Tc,0.0
1901,223Bi,0.0
1903,101Rb,0.0
1904,137Sb,0.0
1905,116Rh,0.0
1906,139Sb,0.0
1908,152Dy,0.0
1920,217Rn,0.0
1909,176Ta,0.0
1910,208At,0.0
1911,88Kr,0.0
1912,226Th,0.0
1914,98Zr,0.0
1915,131La,0.0
1916,186Hg,0.0
1917,270Db,0.0
1918,92Se,0.0
1895,224Bi,0.0
1894,200Tl,0.0
1893,198Bi,0.0
1892,196W,0.0
1871,219Ra,0.0
1872,195Hg,0.0
1873,74Fe,0.0
1874,167Tb,0.0
1875,61Sc,0.0
1876,220Th,0.0
1877,150Tm,0.0
1878,137Gd,0.0
1879,208Au,0.0
1880,274Rg,0.0
1882,134Sb,0.0
1883,159Lu,0.0
1884,173Hf,0.0
1885,240Es,0.0
1886,76Br,0.0
1887,63Mn,0.0
1888,34Cl,0.0
1889,209Tl,0.0
1891,39Ti,0.0
1919,204Fr,0.0
1921,186Ir,0.0
1969,53Ca,0.0
1958,140Te,0.0
1948,127Ag,0.0
1949,53V,0.0
1950,152Er,0.0
1951,111Pd,0.0
1952,192Hg,0.0
1953,200Au,0.0
1954,205Fr,0.0
1956,242Am,0.0
1957,10C,0.0
1959,186Tl,0.0
1922,199Bi,0.0
1960,35K,0.0
1961,195Tl,0.0
1962,49Ni,0.0
1963,93Ru,0.0
1964,159Er,0.0
1965,138Nd,0.0
1966,240Np,0.0
1967,71As,0.0
1968,42Ti,0.0
1947,216Bi,0.0
1946,165Dy,0.0
1945,84As,0.0
1944,54Co,0.0
1924,136I,0.0
1925,142Sm,0.0
1926,66As,0.0
1927,272Hs,0.0
1928,98Y,0.0
1929,24Ne,0.0
1930,143Sm,0.0
1931,34P,0.0
1932,88Ru,0.0
1933,149Ho,0.0
1934,135In,0.0
1935,32Na,0.0
1936,109Rh,0.0
1937,201Fr,0.0
1938,46Fe,0.0
1939,128Ag,0.0
1941,61Co,0.0
1942,252Md,0.0
1943,189Ta,0.0
2367,157Pr,0.0
2441,136Sb,0.0
2369,183Au,0.0
2923,119Mo,0.0
2912,100Sr,0.0
2913,119Tc,0.0
2914,26Na,0.0
2915,179Au,0.0
2916,187Bi,0.0
2917,143Te,0.0
2920,51Ni,0.0
2921,21F,0.0
2922,58Ca,0.0
2924,108Sb,0.0
2910,280Rg,0.0
2925,163Yb,0.0
2926,101Mo,0.0
2927,138I,0.0
2928,143Gd,0.0
2930,186Lu,0.0
2931,255Db,0.0
2932,74Zn,0.0
2933,82Zn,0.0
2934,253Fm,0.0
2911,147Ho,0.0
2909,125Rh,0.0
2991,145I,0.0
2894,56K,0.0
2884,153Lu,0.0
2885,59Ca,0.0
2887,249Md,0.0
2888,82As,0.0
2889,62V,0.0
2890,125Ba,0.0
2891,217Fr,0.0
2892,27Na,0.0
2893,91As,0.0
2895,96In,0.0
2905,96Cd,0.0
2896,153La,0.0
2897,101Nb,0.0
2898,164Tb,0.0
2899,94Pd,0.0
2900,163Hf,0.0
2901,146Tb,0.0
2902,205At,0.0
2903,121Tc,0.0
2904,238Am,0.0
2935,218Tl,0.0
2937,75Co,0.0
2940,73Cu,0.0
2976,7H,0.0
2966,160Nd,0.0
2967,159Hf,0.0
2968,229Rn,0.0
2969,227Np,0.0
2970,137Pm,0.0
2971,138Pr,0.0
2972,224Fr,0.0
2974,159Ho,0.0
2975,165W,0.0
2977,172Tm,0.0
2941,229Am,0.0
2978,183Ir,0.0
2979,178Re,0.0
2982,90Tc,0.0
2983,60Ge,0.0
2984,87Se,0.0
2985,178Au,0.0
2987,197Rn,0.0
2988,226Am,0.0
2989,106Zr,0.0
2964,279Ds,0.0
2963,86Br,0.0
2962,291Mc,0.0
2961,27S,0.0
2942,138Pm,0.0
2943,6He,0.0
2944,43Sc,0.0
2945,174Au,0.0
2946,131In,0.0
2947,65Ti,0.0
2948,265Bh,0.0
2949,285Rg,0.0
2950,237Th,0.0
2951,256Rf,0.0
2952,141Sb,0.0
2953,69Kr,0.0
2954,152Tm,0.0
2955,165Pm,0.0
2956,279Hs,0.0
2957,79Ge,0.0
2958,191Pb,0.0
2959,33Si,0.0
2960,247Md,0.0
2883,35Si,0.0
2882,184Bi,0.0
2881,142Gd,0.0
2821,42K,0.0
2812,235Bk,0.0
2813,145Ba,0.0
2814,47Ar,0.0
2815,81Mo,0.0
2816,156Ta,0.0
2817,28Al,0.0
2818,46Cr,0.0
2819,132Te,0.0
2820,120Ce,0.0
2822,83Se,0.0
2833,84Zn,0.0
2823,102In,0.0
2824,51Sc,0.0
2825,58Cu,0.0
2826,194Bi,0.0
2827,274Mt,0.0
2828,16N,0.0
2829,114Ba,0.0
2830,259Fm,0.0
2831,259No,0.0
2811,224Pa,0.0
2809,243Fm,0.0
2808,229U,0.0
2807,133Sb,0.0
2786,193Re,0.0
2787,178Pb,0.0
2788,144Er,0.0
2789,84Zr,0.0
2790,147La,0.0
2792,116In,0.0
2793,192Re,0.0
2794,224U,0.0
2796,215Th,0.0
2797,74Kr,0.0
2798,181Yb,0.0
2799,242Cf,0.0
2800,110Sn,0.0
2801,122In,0.0
2802,250Fm,0.0
2803,41S,0.0
2804,282Mt,0.0
2805,52Co,0.0
2806,146Cs,0.0
2832,267Ds,0.0
2834,155La,0.0
2880,78Zr,0.0
2869,79Kr,0.0
2860,103Ag,0.0
2861,153Ba,0.0
2862,169Eu,0.0
2863,191Tl,0.0
2864,108Tc,0.0
2865,154Tm,0.0
2866,204Au,0.0
2867,97Pd,0.0
2868,187Ir,0.0
2870,133Pr,0.0
2835,33Ar,0.0
2871,280Ds,0.0
2872,77Br,0.0
2873,112Pd,0.0
2874,128In,0.0
2875,132Nd,0.0
2876,55Co,0.0
2877,140Tb,0.0
2878,241Bk,0.0
2879,284Cn,0.0
2859,280Mt,0.0
2858,220Np,0.0
2857,174Er,0.0
2856,157Ce,0.0
2836,76Fe,0.0
2837,177Ho,0.0
2838,237Np,0.0
2839,183Pt,0.0
2841,110I,0.0
2842,272Mt,0.0
2843,123In,0.0
2844,149Dy,0.0
2845,143Cs,0.0
2846,220Rn,0.0
2847,278Mt,0.0
2848,129Pr,0.0
2849,87Ru,0.0
2850,54Sc,0.0
2851,48Ni,0.0
2852,21O,0.0
2853,130Sn,0.0
2854,146Er,0.0
2855,83Zn,0.0
2990,93Zr,0.0
2992,187Lu,0.0
2370,40Cl,0.0
3132,68Cu,0.0
3122,24O,0.0
3123,107Cd,0.0
3124,20O,0.0
3125,101Ag,0.0
3126,282Nh,0.0
3127,149Cs,0.0
3129,249Es,0.0
3130,137Te,0.0
3131,231Cm,0.0
3133,66Ni,0.0
3120,223Pu,0.0
3134,179Yb,0.0
3135,97Sr,0.0
3136,162Yb,0.0
3137,251Md,0.0
3138,119In,0.0
3139,78Ge,0.0
3140,105Te,0.0
3141,170Dy,0.0
3142,111Te,0.0
3121,57Cr,0.0
3119,140Ho,0.0
2993,39Al,0.0
3106,132In,0.0
3096,137Xe,0.0
3097,111I,0.0
3098,224Am,0.0
3099,48Cr,0.0
3100,42Cl,0.0
3101,201Au,0.0
3102,231Th,0.0
3104,272Sg,0.0
3105,39Ca,0.0
3107,89Ru,0.0
3118,88Se,0.0
3108,41P,0.0
3109,223Fr,0.0
3110,36Ca,0.0
3111,81Zn,0.0
3112,114Rh,0.0
3113,172Dy,0.0
3114,65Mn,0.0
3115,223Np,0.0
3116,67Fe,0.0
3143,137In,0.0
3144,139Tb,0.0
3146,153Pm,0.0
3180,139Sn,0.0
3171,247Es,0.0
3172,135Ce,0.0
3173,122I,0.0
3174,214Pb,0.0
3175,50Mn,0.0
3176,214Ra,0.0
3177,196Ir,0.0
3178,225U,0.0
3179,8Li,0.0
3181,228Am,0.0
3147,176Ho,0.0
3182,204Ir,0.0
3183,267Rf,0.0
3184,221Ac,0.0
3185,209Hg,0.0
3186,8C,0.0
3187,106Nb,0.0
3188,59K,0.0
3189,146Ce,0.0
3190,73Se,0.0
3170,63Ga,0.0
3169,134Eu,0.0
3168,144Tm,0.0
3167,214Ac,0.0
3148,78Rb,0.0
3149,33Cl,0.0
3150,161Er,0.0
3151,188Au,0.0
3152,92Sr,0.0
3153,170Hg,0.0
3154,104Sr,0.0
3155,176Dy,0.0
3156,103Cd,0.0
3157,195W,0.0
3158,113Ba,0.0
3159,23Si,0.0
3160,53Sc,0.0
3161,214Bi,0.0
3162,133Nd,0.0
3163,95Rb,0.0
3164,77Y,0.0
3165,147Pr,0.0
3166,10He,0.0
3095,190Tl,0.0
3094,124Cd,0.0
3093,131Ce,0.0
3030,124Ba,0.0
3020,128Pr,0.0
3021,250Es,0.0
3022,245Am,0.0
3023,258Lr,0.0
3025,161Re,0.0
3026,139Pr,0.0
3027,103Nb,0.0
3028,164Gd,0.0
3029,177Er,0.0
3031,48K,0.0
3042,138Eu,0.0
3032,29P,0.0
3033,128I,0.0
3034,142Pr,0.0
3035,68As,0.0
3036,68Se,0.0
3037,216Fr,0.0
3038,190Hg,0.0
3039,165Eu,0.0
3040,127Ce,0.0
3019,146Pr,0.0
3018,281Ds,0.0
3017,92Br,0.0
3016,74Cu,0.0
2995,145Ho,0.0
2996,105Cd,0.0
2997,185Bi,0.0
2998,256Fm,0.0
2999,189Po,0.0
3000,163Pm,0.0
3001,182Yb,0.0
3002,77Cu,0.0
3004,211Ra,0.0
3005,191Pt,0.0
3006,101Cd,0.0
3007,102Rb,0.0
3008,172Tb,0.0
3009,81Sr,0.0
3010,48Sc,0.0
3011,228Ac,0.0
3012,213Tl,0.0
3013,170Ir,0.0
3015,116Ag,0.0
3041,57Cu,0.0
3043,96Y,0.0
3092,133Te,0.0
3078,145Gd,0.0
3069,228Pa,0.0
3070,246Am,0.0
3071,22F,0.0
3072,178Yb,0.0
3073,269Hs,0.0
3074,160Hf,0.0
3075,26Si,0.0
3076,245Es,0.0
3077,258Db,0.0
3079,168Os,0.0
3044,87Tc,0.0
3080,53Mn,0.0
3081,158Sm,0.0
3082,131Pr,0.0
3083,207At,0.0
3085,223Pa,0.0
3087,89Kr,0.0
3088,282Cn,0.0
3089,285Fl,0.0
3091,120Tc,0.0
3068,227Fr,0.0
3067,171Os,0.0
3065,67Co,0.0
3064,109Sb,0.0
3045,136Tb,0.0
3046,32Al,0.0
3047,139Te,0.0
3048,96Ag,0.0
3049,274Bh,0.0
3050,290Mc,0.0
3051,122Sb,0.0
3052,116Ru,0.0
3053,110Zr,0.0
3054,265Sg,0.0
3055,132Cd,0.0
3056,90Se,0.0
3057,81As,0.0
3058,199Au,0.0
3059,38Mg,0.0
3060,179Tm,0.0
3061,90As,0.0
3062,52Cl,0.0
3063,106Rh,0.0
2785,123Xe,0.0
2784,172Gd,0.0
2783,216Po,0.0
2512,165Ir,0.0
2502,132Pm,0.0
2503,107Tc,0.0
2504,4Li,0.0
2505,87Ga,0.0
2506,246Es,0.0
2507,60Ti,0.0
2508,97In,0.0
2509,131Sb,0.0
2510,77Rb,0.0
2513,238Cm,0.0
2500,223Po,0.0
2514,141Ho,0.0
2515,109Xe,0.0
2516,143Ho,0.0
2517,108Zr,0.0
2518,149Yb,0.0
2520,111Sb,0.0
2521,122Ce,0.0
2522,260No,0.0
2523,212Tl,0.0
2501,87Kr,0.0
2498,201Ir,0.0
2782,53Ar,0.0
2485,45V,0.0
2474,180Pt,0.0
2475,241U,0.0
2476,104Sb,0.0
2477,244Es,0.0
2478,172Au,0.0
2479,50Co,0.0
2481,29Na,0.0
2483,18Ne,0.0
2484,141Cs,0.0
2486,200Pb,0.0
2497,157La,0.0
2487,209At,0.0
2488,134In,0.0
2489,129In,0.0
2491,160Er,0.0
2492,120In,0.0
2493,163Eu,0.0
2494,199Ir,0.0
2495,4H,0.0
2496,135Tb,0.0
2524,263Rf,0.0
2525,272Rg,0.0
2526,165Gd,0.0
2561,143Tb,0.0
2552,167Pt,0.0
2553,79Sr,0.0
2554,126Ce,0.0
2555,270Hs,0.0
2556,163Re,0.0
2557,156Er,0.0
2558,80Ni,0.0
2559,227Rn,0.0
2560,215Pb,0.0
2563,157Er,0.0
2527,168Hf,0.0
2564,131Sn,0.0
2566,131Cd,0.0
2567,102Mo,0.0
2568,200Pt,0.0
2569,124In,0.0
2570,168Eu,0.0
2571,173Dy,0.0
2572,180Ir,0.0
2574,139Gd,0.0
2551,94Tc,0.0
2550,211Fr,0.0
2549,185Pb,0.0
2548,156Ce,0.0
2528,70Fe,0.0
2529,102Y,0.0
2530,106Tc,0.0
2531,100Ag,0.0
2533,222Pa,0.0
2534,64Cr,0.0
2535,175Ho,0.0
2536,31Na,0.0
2537,197Re,0.0
2538,53K,0.0
2539,160W,0.0
2540,173Tb,0.0
2541,135Nd,0.0
2542,137Sn,0.0
2543,162Pm,0.0
2544,187W,0.0
2545,194Po,0.0
2546,10Be,0.0
2547,231Ac,0.0
2473,108Y,0.0
2472,162Re,0.0
2471,51Ti,0.0
2406,117Rh,0.0
2396,217Pb,0.0
2398,157Pm,0.0
2399,68Mn,0.0
2400,192At,0.0
2401,39S,0.0
2402,177Ir,0.0
2403,221Rn,0.0
2404,132La,0.0
2405,254No,0.0
2407,62Cr,0.0
2420,78Ga,0.0
2408,200Os,0.0
2409,106Sr,0.0
2410,268Sg,0.0
2411,106Te,0.0
2413,214Tl,0.0
2414,15C,0.0
2415,71Cu,0.0
2416,158Lu,0.0
2417,281Rg,0.0
2395,192W,0.0
2394,150Pm,0.0
2393,184Tl,0.0
2392,114Ru,0.0
2371,65Ge,0.0
2372,67Kr,0.0
2373,166Ho,0.0
2374,153Tb,0.0
2375,233Pu,0.0
2376,72Zn,0.0
2377,138Dy,0.0
2378,253Lr,0.0
2379,31S,0.0
2380,119Te,0.0
2381,261No,0.0
2382,279Cn,0.0
2383,275Hs,0.0
2385,268Rf,0.0
2386,116Tc,0.0
2387,182Pt,0.0
2388,65Ni,0.0
2389,124Nd,0.0
2391,95Tc,0.0
2418,168Ir,0.0
2421,108Mo,0.0
2470,115I,0.0
2459,129Ce,0.0
2449,220Pb,0.0
2450,86Tc,0.0
2451,36Mg,0.0
2452,219Fr,0.0
2453,188Lu,0.0
2454,229Ra,0.0
2455,291Ts,0.0
2456,125Ce,0.0
2458,102Tc,0.0
2460,190Au,0.0
2422,56Sc,0.0
2461,280Hs,0.0
2462,258No,0.0
2463,27Si,0.0
2464,20C,0.0
2465,187Au,0.0
2466,193At,0.0
2467,99Mo,0.0
2468,137I,0.0
2469,227Po,0.0
2448,189Tl,0.0
2447,225Np,0.0
2446,233Ac,0.0
2445,174Pt,0.0
2423,122Pd,0.0
2424,112Tc,0.0
2425,115Xe,0.0
2426,279Nh,0.0
2427,16Be,0.0
2428,43Si,0.0
2429,252Bk,0.0
2430,32Cl,0.0
2431,254Fm,0.0
2432,86Y,0.0
2433,182Re,0.0
2434,160Pr,0.0
2436,105Zr,0.0
2437,70Kr,0.0
2439,240Bk,0.0
2440,91Mo,0.0
2442,68Kr,0.0
2443,194Pb,0.0
2444,177Tl,0.0
2575,98Cd,0.0
2577,169W,0.0
2578,150Ho,0.0
2717,167Re,0.0
2706,239Cm,0.0
2707,79Zr,0.0
2708,173Ir,0.0
2709,48Fe,0.0
2710,128Cs,0.0
2711,160Tm,0.0
2712,188Po,0.0
2714,162W,0.0
2715,184Hg,0.0
2718,49Fe,0.0
2729,167Ho,0.0
2719,67Mn,0.0
2720,208Fr,0.0
2721,71Ni,0.0
2722,90Y,0.0
2723,212Fr,0.0
2724,221Th,0.0
2725,224Np,0.0
2726,32Ar,0.0
2727,177W,0.0
2705,89Mo,0.0
2704,68Ni,0.0
2703,34Ne,0.0
2702,104Ag,0.0
2683,55V,0.0
2684,150Tb,0.0
2685,197Ir,0.0
2686,203Pb,0.0
2687,57V,0.0
2688,107Pd,0.0
2689,43Al,0.0
2690,55Cu,0.0
2691,101Y,0.0
2692,56Ca,0.0
2693,273Rg,0.0
2694,283Ds,0.0
2695,123Cs,0.0
2696,100Rh,0.0
2697,97Y,0.0
2698,170Ho,0.0
2699,92Ru,0.0
2700,82Ni,0.0
2701,69Ni,0.0
2728,38S,0.0
2730,91Tc,0.0
2680,20B,0.0
2770,37Ca,0.0
2760,184Pb,0.0
2761,245Cf,0.0
2762,166Sm,0.0
2764,178Lu,0.0
2765,197Os,0.0
2766,153Hf,0.0
2767,245Pu,0.0
2768,70Co,0.0
2769,47Sc,0.0
2771,142Xe,0.0
2731,128Ce,0.0
2772,118Cd,0.0
2773,92Y,0.0
2774,199Pb,0.0
2775,243Pu,0.0
2776,70As,0.0
2777,77Ni,0.0
2778,130Sb,0.0
2780,143Ba,0.0
2781,167Lu,0.0
2759,259Lr,0.0
2758,103Sn,0.0
2757,80Zr,0.0
2756,79Zn,0.0
2732,142Tb,0.0
2733,167Eu,0.0
2736,176Pt,0.0
2737,141Nd,0.0
2738,195Pb,0.0
2740,160Re,0.0
2741,209Pb,0.0
2742,36Al,0.0
2743,35P,0.0
2744,152Pm,0.0
2746,185Lu,0.0
2747,250No,0.0
2748,269Mt,0.0
2749,19Mg,0.0
2750,118Cs,0.0
2751,229At,0.0
2753,85As,0.0
2754,117Xe,0.0
2755,188Hg,0.0
2682,151Er,0.0
2679,190Re,0.0
2579,30Al,0.0
2616,157Hf,0.0
2607,173W,0.0
2608,226Po,0.0
2609,52Ni,0.0
2610,105Rh,0.0
2611,136Pm,0.0
2612,212Hg,0.0
2613,129La,0.0
2614,44P,0.0
2615,112In,0.0
2617,128Sb,0.0
2629,279Rg,0.0
2619,214Fr,0.0
2620,43Cl,0.0
2621,205Ir,0.0
2622,115Mo,0.0
2623,72Ni,0.0
2624,148Dy,0.0
2625,218Po,0.0
2626,213Pb,0.0
2627,233Fr,0.0
2606,216Ra,0.0
2605,274Ds,0.0
2604,86Ru,0.0
2603,197Pt,0.0
2581,169Os,0.0
2583,91Kr,0.0
2584,152Lu,0.0
2585,266Sg,0.0
2586,112Zr,0.0
2587,63Sc,0.0
2588,236Cm,0.0
2589,88Tc,0.0
2590,88Rh,0.0
2591,202Po,0.0
2593,166Os,0.0
2594,223Rn,0.0
2595,176W,0.0
2596,76Sr,0.0
2597,94Y,0.0
2598,172Er,0.0
2599,153Tm,0.0
2601,91Ru,0.0
2602,188Hf,0.0
2628,111Mo,0.0
2630,286Fl,0.0
2678,113Mo,0.0
2664,175Os,0.0
2655,194At,0.0
2656,116Te,0.0
2657,170Lu,0.0
2658,52Fe,0.0
2659,212Ra,0.0
2660,225At,0.0
2661,286Cn,0.0
2662,128Sn,0.0
2663,30S,0.0
2665,232Am,0.0
2631,47K,0.0
2666,41Cl,0.0
2667,99Sn,0.0
2670,261Sg,0.0
2671,295Og,0.0
2672,71Se,0.0
2673,226Pu,0.0
2674,164W,0.0
2676,142Er,0.0
2677,264Db,0.0
2654,113Ru,0.0
2653,80Zn,0.0
2652,194Au,0.0
2651,99Cd,0.0
2632,202At,0.0
2633,22Mg,0.0
2634,167Ta,0.0
2635,277Cn,0.0
2636,118Rh,0.0
2637,35Ca,0.0
2638,182Au,0.0
2639,201Ra,0.0
2640,185Au,0.0
2641,83Br,0.0
2642,243Bk,0.0
2643,109Sn,0.0
2644,146Tm,0.0
2645,208Rn,0.0
2646,42S,0.0
2647,160Yb,0.0
2648,196Tl,0.0
2649,213Hg,0.0
2650,66Cr,0.0
1665,110Nb,0.0
1596,169Ho,0.0
1663,223Ac,0.0
571,112Xe,0.0
559,122Ba,0.0
560,27Ne,0.0
561,234Ac,0.0
562,134Pr,0.0
563,165Er,0.0
564,114I,0.0
567,164Os,0.0
569,273Mt,0.0
570,265Rf,0.0
572,139Sm,0.0
557,161Ta,0.0
573,271Mt,0.0
574,164Pm,0.0
575,191Au,0.0
576,75Ni,0.0
577,24Na,0.0
578,140Cs,0.0
579,253Rf,0.0
580,67Se,0.0
581,178Er,0.0
558,35Mg,0.0
556,212Bi,0.0
583,131Ag,0.0
544,207Pt,0.0
535,97Zr,0.0
536,87Ge,0.0
537,103Sr,0.0
538,197Fr,0.0
539,180Tl,0.0
540,161Pr,0.0
541,294Og,0.0
542,201Os,0.0
543,127Sn,0.0
545,75Kr,0.0
555,104Cd,0.0
546,195Rn,0.0
547,198Au,0.0
548,87Y,0.0
549,119I,0.0
550,281Cn,0.0
551,128Cd,0.0
552,77Ge,0.0
553,239Bk,0.0
554,64Ga,0.0
582,143Dy,0.0
584,213At,0.0
637,130Cd,0.0
624,171Ta,0.0
614,36K,0.0
615,277Mt,0.0
616,248Es,0.0
617,116Sb,0.0
618,262Rf,0.0
619,28F,0.0
621,187Pb,0.0
622,131Eu,0.0
623,73Ga,0.0
625,176Os,0.0
611,138Sn,0.0
626,230Rn,0.0
627,168Ta,0.0
628,17B,0.0
629,261Lr,0.0
630,94Rh,0.0
631,44Cl,0.0
632,11Li,0.0
633,67Ga,0.0
634,284Ds,0.0
613,17C,0.0
610,227Am,0.0
585,79Ni,0.0
596,173Re,0.0
587,19N,0.0
588,157Tm,0.0
589,102Cd,0.0
590,96Sr,0.0
591,105In,0.0
592,288Mc,0.0
593,291Lv,0.0
594,161Nd,0.0
595,126Pr,0.0
597,30Ne,0.0
609,196Re,0.0
599,251Lr,0.0
601,167Ir,0.0
602,261Md,0.0
603,284Fl,0.0
604,155Pm,0.0
605,246Fm,0.0
606,190Bi,0.0
607,108Xe,0.0
608,135La,0.0
534,121Ag,0.0
533,126In,0.0
532,289Nh,0.0
466,44Ar,0.0
457,65Cr,0.0
458,196Os,0.0
459,109Te,0.0
460,239Es,0.0
461,106Ag,0.0
462,110Xe,0.0
463,221Np,0.0
464,277Ds,0.0
465,265Hs,0.0
467,115Ru,0.0
455,47Cl,0.0
468,167Gd,0.0
469,176Hg,0.0
470,109Nb,0.0
471,229Ac,0.0
472,213Ac,0.0
473,287Fl,0.0
474,267Hs,0.0
475,117Mo,0.0
476,247Fm,0.0
456,90Mo,0.0
454,205Au,0.0
530,124Ce,0.0
441,249Cm,0.0
432,251Es,0.0
433,180Au,0.0
434,197Bi,0.0
435,248Am,0.0
436,145Te,0.0
437,211Bi,0.0
438,126Rh,0.0
439,271Sg,0.0
440,163Os,0.0
442,199Fr,0.0
453,179Pt,0.0
443,96Pd,0.0
444,178Os,0.0
445,157Eu,0.0
446,57Mn,0.0
447,154Tb,0.0
448,169Au,0.0
449,141Dy,0.0
450,200Po,0.0
451,233Am,0.0
477,259Db,0.0
478,88As,0.0
479,252No,0.0
519,236Ac,0.0
509,111In,0.0
511,173Os,0.0
512,212Th,0.0
513,181Hg,0.0
514,105Sn,0.0
515,197Pb,0.0
516,103Mo,0.0
517,127Pm,0.0
518,177Hg,0.0
520,115Pd,0.0
480,115Nb,0.0
521,107Rh,0.0
522,117Ba,0.0
523,265Lr,0.0
524,232Fr,0.0
525,155Nd,0.0
526,40Sc,0.0
527,72Cu,0.0
528,185Hf,0.0
529,130Nd,0.0
508,61V,0.0
507,191Hg,0.0
506,94Sr,0.0
505,120Cd,0.0
481,203Pt,0.0
483,152Pr,0.0
484,221Fr,0.0
485,112Nb,0.0
486,254Rf,0.0
487,238Cf,0.0
490,80Br,0.0
491,230Pu,0.0
492,130In,0.0
494,238Np,0.0
495,172Ta,0.0
496,107Nb,0.0
497,188Re,0.0
498,119Ce,0.0
499,277Hs,0.0
501,43Ti,0.0
502,100Nb,0.0
503,107Y,0.0
504,240Cf,0.0
635,31Mg,0.0
638,234Pu,0.0
430,41Al,0.0
782,152Ho,0.0
773,212Pa,0.0
774,163Tm,0.0
775,208Ra,0.0
776,166Lu,0.0
777,268Bh,0.0
778,202Fr,0.0
779,230Ac,0.0
780,66Cu,0.0
781,54V,0.0
783,168Pt,0.0
770,169Re,0.0
784,263No,0.0
785,283Cn,0.0
786,138Gd,0.0
787,65Co,0.0
788,116Cs,0.0
790,270Ds,0.0
791,217Ra,0.0
792,151Tm,0.0
793,78Sr,0.0
772,107Zr,0.0
769,45Si,0.0
795,123Cd,0.0
753,205Ra,0.0
744,147Tb,0.0
745,195Po,0.0
746,144Pr,0.0
747,260Db,0.0
748,85Ga,0.0
749,98Sr,0.0
750,220U,0.0
751,6Be,0.0
752,133Gd,0.0
754,208Th,0.0
768,100Zr,0.0
756,74Co,0.0
757,121Cs,0.0
758,213Po,0.0
759,214Th,0.0
760,63Ge,0.0
761,86Mo,0.0
763,95Ag,0.0
766,171Pt,0.0
767,63V,0.0
794,124Ru,0.0
796,77Zn,0.0
639,41Sc,0.0
832,292Lv,0.0
823,275Mt,0.0
824,138Te,0.0
825,50Ni,0.0
826,12Be,0.0
827,234Am,0.0
828,70Cr,0.0
829,237Am,0.0
830,44K,0.0
831,15F,0.0
833,90Kr,0.0
821,264No,0.0
834,159Ta,0.0
835,147Cs,0.0
836,176Re,0.0
837,179Lu,0.0
838,248Fm,0.0
839,13B,0.0
840,134Sm,0.0
841,96Br,0.0
842,174Ir,0.0
822,51Mn,0.0
820,213Bi,0.0
797,176Er,0.0
808,129Te,0.0
798,121In,0.0
799,215Rn,0.0
800,222Pu,0.0
802,294Ts,0.0
803,37P,0.0
804,94Br,0.0
805,93Rh,0.0
806,120Xe,0.0
807,183Os,0.0
809,237Bk,0.0
819,27P,0.0
810,25F,0.0
811,49Cl,0.0
812,55Ti,0.0
813,87Br,0.0
814,95Rh,0.0
815,145Dy,0.0
816,98Pd,0.0
817,242U,0.0
818,64As,0.0
743,28P,0.0
742,154Pr,0.0
741,107Mo,0.0
679,148Xe,0.0
668,191Bi,0.0
669,190Po,0.0
670,125Nd,0.0
671,215At,0.0
672,289Lv,0.0
673,199At,0.0
674,127Pd,0.0
676,129Ag,0.0
677,169Pt,0.0
680,110Tc,0.0
666,58Zn,0.0
681,138Tb,0.0
682,83Zr,0.0
683,139Eu,0.0
684,204Rn,0.0
685,221Bi,0.0
686,210Au,0.0
687,193Pb,0.0
688,98Kr,0.0
689,73Zn,0.0
667,61Fe,0.0
665,235Am,0.0
740,53Ni,0.0
650,254Md,0.0
640,72Ga,0.0
641,38Ca,0.0
642,249Fm,0.0
643,184Pt,0.0
644,225Am,0.0
645,65Ga,0.0
646,149Ba,0.0
648,208Pt,0.0
649,216Ac,0.0
651,201At,0.0
664,215Hg,0.0
652,116La,0.0
653,154Yb,0.0
654,194Ta,0.0
655,91Pd,0.0
658,149Tb,0.0
660,239Th,0.0
661,228At,0.0
662,191Re,0.0
663,119Xe,0.0
690,165Tm,0.0
691,120I,0.0
692,95Pd,0.0
728,255Rf,0.0
718,80Ge,0.0
719,163Gd,0.0
721,178Ir,0.0
722,205Pt,0.0
723,260Fm,0.0
724,143Xe,0.0
725,113Ag,0.0
726,144Ba,0.0
727,156Tm,0.0
729,98Rb,0.0
693,195Bi,0.0
730,59Ge,0.0
731,140Eu,0.0
732,196Bi,0.0
733,142Te,0.0
734,202Rn,0.0
735,46Cl,0.0
736,72Br,0.0
737,205Rn,0.0
738,222Ra,0.0
717,109I,0.0
716,198At,0.0
715,149Er,0.0
714,165Yb,0.0
694,203At,0.0
695,230Fr,0.0
696,252Cm,0.0
697,207Ra,0.0
698,193W,0.0
699,22Si,0.0
700,23N,0.0
701,77Co,0.0
702,268Mt,0.0
703,277Bh,0.0
704,142Dy,0.0
705,181Re,0.0
706,79Ga,0.0
707,133Ce,0.0
708,61Ga,0.0
710,138Cs,0.0
711,133Pm,0.0
712,183Hf,0.0
713,9He,0.0
431,160Ho,0.0
429,198Os,0.0
844,23Mg,0.0
146,217Bi,0.0
137,221Pa,0.0
138,107Ru,0.0
139,192Au,0.0
140,127Rh,0.0
141,31Ar,0.0
142,140Sn,0.0
143,149Tm,0.0
144,102Sn,0.0
145,151Yb,0.0
147,278Hs,0.0
135,104Tc,0.0
148,195Re,0.0
149,98Nb,0.0
150,90Pd,0.0
152,50Cl,0.0
153,95Y,0.0
154,182Ir,0.0
155,120Rh,0.0
156,128La,0.0
157,165Pt,0.0
136,30Na,0.0
134,189Re,0.0
159,284Rg,0.0
122,37K,0.0
112,178Hg,0.0
113,206Au,0.0
114,221Po,0.0
115,131Pm,0.0
116,172Hg,0.0
117,283Rg,0.0
118,189Pb,0.0
119,209Ra,0.0
121,172Re,0.0
123,160Pm,0.0
133,142I,0.0
124,43P,0.0
125,137Tb,0.0
126,52K,0.0
127,266Db,0.0
128,26F,0.0
129,182Hf,0.0
130,161Sm,0.0
131,69Cu,0.0
132,40S,0.0
158,108Te,0.0
160,37Al,0.0
212,228Np,0.0
199,24Si,0.0
189,106Sn,0.0
190,227Ra,0.0
191,86Ga,0.0
192,89As,0.0
193,149Ce,0.0
195,267Bh,0.0
196,22O,0.0
197,153Yb,0.0
198,207Ac,0.0
200,219Rn,0.0
187,200Bi,0.0
201,156Lu,0.0
202,89Br,0.0
203,166Gd,0.0
204,239Am,0.0
205,151Pr,0.0
206,158Er,0.0
207,58Ti,0.0
209,81Cu,0.0
210,74Rb,0.0
188,91Rh,0.0
186,180Lu,0.0
161,135Sn,0.0
173,193Rn,0.0
163,222Ac,0.0
164,117Ag,0.0
165,76Co,0.0
167,154Pm,0.0
168,142Eu,0.0
169,47V,0.0
170,113Zr,0.0
171,223Am,0.0
172,123La,0.0
174,163Tb,0.0
185,121Cd,0.0
175,181Au,0.0
176,194Ir,0.0
177,242Fm,0.0
178,14Be,0.0
179,174Tm,0.0
180,34Al,0.0
182,202Bi,0.0
183,37Si,0.0
184,181Ir,0.0
111,117Tc,0.0
110,95Br,0.0
109,198Pb,0.0
46,116I,0.0
31,139I,0.0
32,223At,0.0
33,210At,0.0
34,243Cf,0.0
35,116Xe,0.0
37,230Am,0.0
41,202Au,0.0
42,293Og,0.0
43,181Pb,0.0
47,36Si,0.0
29,98Tc,0.0
48,113Te,0.0
49,77Ga,0.0
51,62Ti,0.0
52,65Fe,0.0
53,136Eu,0.0
54,110Ag,0.0
55,115Cd,0.0
57,256Es,0.0
58,141Te,0.0
30,251Fm,0.0
28,140I,0.0
108,103In,0.0
13,243Np,0.0
2,272Bh,0.0
3,21Na,0.0
4,82Mo,0.0
5,127Cd,0.0
7,209Ac,0.0
8,141Ba,0.0
9,162Sm,0.0
10,45Fe,0.0
12,131Te,0.0
15,292Mc,0.0
26,137Sm,0.0
16,67V,0.0
17,120La,0.0
18,157Dy,0.0
19,187Hg,0.0
21,119Sb,0.0
22,166W,0.0
23,166Re,0.0
24,112Ru,0.0
25,218Bi,0.0
60,258Sg,0.0
61,136Pr,0.0
62,110Rh,0.0
97,161Pm,0.0
88,183Tl,0.0
89,213Ra,0.0
90,30Mg,0.0
91,174Tb,0.0
92,5Li,0.0
93,139Dy,0.0
94,230Np,0.0
95,71Br,0.0
96,141Xe,0.0
98,131Pd,0.0
63,203Ra,0.0
99,170Tb,0.0
100,210Ra,0.0
101,77Zr,0.0
102,154Er,0.0
103,174Os,0.0
104,268Hs,0.0
105,256No,0.0
106,124Cs,0.0
107,75Zn,0.0
87,256Db,0.0
86,176Tm,0.0
85,55K,0.0
84,263Lr,0.0
64,151Cs,0.0
65,116Ba,0.0
66,238Bk,0.0
67,54K,0.0
68,124La,0.0
69,93Kr,0.0
70,115Ag,0.0
71,123I,0.0
72,241Es,0.0
73,105Sb,0.0
74,61Ca,0.0
76,151Tb,0.0
77,169Tb,0.0
78,174Ta,0.0
79,245Md,0.0
80,179Hg,0.0
81,278Rg,0.0
82,165Sm,0.0
83,188Pb,0.0
211,257No,0.0
213,90Br,0.0
428,133Eu,0.0
361,67As,0.0
352,270Bh,0.0
353,226U,0.0
354,193Hg,0.0
355,180Tm,0.0
356,104Y,0.0
357,15B,0.0
358,276Rg,0.0
359,145La,0.0
360,193Ta,0.0
362,101Sn,0.0
350,55Cr,0.0
363,93Y,0.0
364,174Dy,0.0
365,178Pt,0.0
367,83Ge,0.0
368,145Ce,0.0
369,114Nb,0.0
370,151Ce,0.0
371,215Pa,0.0
372,130Ce,0.0
351,155Yb,0.0
349,216Rn,0.0
374,104Mo,0.0
335,264Sg,0.0
325,150Ba,0.0
326,258Es,0.0
328,156Sm,0.0
329,96Rh,0.0
330,168W,0.0
331,33Na,0.0
332,73Ni,0.0
333,204Po,0.0
334,145Cs,0.0
336,162Tb,0.0
348,234Bk,0.0
337,164Tm,0.0
339,168Gd,0.0
340,141Eu,0.0
342,162Hf,0.0
343,169Dy,0.0
344,190W,0.0
345,28Na,0.0
346,50K,0.0
347,259Sg,0.0
373,26P,0.0
376,46K,0.0
214,23Ne,0.0
414,181Tl,0.0
405,7He,0.0
406,134Sn,0.0
407,267Sg,0.0
408,185Tl,0.0
409,92Rh,0.0
410,99Kr,0.0
411,107Sb,0.0
412,127La,0.0
413,171Hg,0.0
415,130Pr,0.0
403,242Bk,0.0
416,248Md,0.0
417,51Co,0.0
418,47P,0.0
420,150Yb,0.0
421,172Pt,0.0
424,152Ba,0.0
425,76Ni,0.0
426,159W,0.0
427,183Hg,0.0
404,42Al,0.0
402,121La,0.0
378,267Db,0.0
389,44V,0.0
380,276Hs,0.0
381,188Ta,0.0
382,258Rf,0.0
383,125Pr,0.0
384,247Am,0.0
385,64Co,0.0
386,190Ta,0.0
387,171Tb,0.0
388,242Np,0.0
390,165Ta,0.0
401,64Cu,0.0
391,186Ta,0.0
392,99Ag,0.0
393,278Cn,0.0
394,144Te,0.0
395,140Nd,0.0
396,185Ta,0.0
398,81Ni,0.0
399,157Lu,0.0
400,213Rn,0.0
324,132Sm,0.0
322,152La,0.0
321,37Mg,0.0
253,176Ir,0.0
242,85Br,0.0
243,9B,0.0
245,31Si,0.0
246,102Sr,0.0
247,215Po,0.0
248,162Os,0.0
249,82Ga,0.0
250,125Ag,0.0
251,217Th,0.0
254,155Tm,0.0
240,49Cr,0.0
255,133Sm,0.0
256,148Tb,0.0
257,180Ta,0.0
258,269Db,0.0
259,75Ge,0.0
260,256Md,0.0
262,166Tm,0.0
263,197Tl,0.0
264,29S,0.0
241,122Xe,0.0
239,93Rb,0.0
320,174Re,0.0
225,180Yb,0.0
215,98Br,0.0
216,83Ga,0.0
217,40Al,0.0
218,60V,0.0
219,112Rh,0.0
221,147Dy,0.0
222,137Pr,0.0
223,13O,0.0
224,290Fl,0.0
226,97Rb,0.0
238,18Na,0.0
227,203Po,0.0
228,29Cl,0.0
229,43K,0.0
230,110Te,0.0
231,192Bi,0.0
232,211Th,0.0
234,80Sr,0.0
235,155Hf,0.0
237,29Al,0.0
265,70Mn,0.0
266,103Rb,0.0
267,115Ba,0.0
306,26O,0.0
297,122Ag,0.0
298,234Ra,0.0
299,27Mg,0.0
300,65V,0.0
301,49K,0.0
302,41Ti,0.0
303,212Pb,0.0
304,135Pr,0.0
305,171Ho,0.0
307,220At,0.0
268,251Bk,0.0
308,126Ba,0.0
309,8Be,0.0
310,246Cf,0.0
311,100Sn,0.0
313,199Po,0.0
314,185Pt,0.0
315,216Hg,0.0
317,84Nb,0.0
319,137Eu,0.0
296,93Ag,0.0
295,63Co,0.0
294,9Li,0.0
293,62Fe,0.0
269,121Pd,0.0
270,69Mn,0.0
271,134Pm,0.0
272,255Fm,0.0
273,119La,0.0
274,23F,0.0
275,169Lu,0.0
276,159Eu,0.0
278,184Lu,0.0
279,261Db,0.0
280,34Mg,0.0
282,265Mt,0.0
283,60Fe,0.0
284,96Nb,0.0
285,215Bi,0.0
287,262Bh,0.0
288,58Mn,0.0
290,83As,0.0
291,212Ac,0.0
843,148Ho,0.0
845,59Mn,0.0
1662,76Zn,0.0
1392,292Ts,0.0
1383,255Lr,0.0
1384,151Lu,0.0
1385,81Rb,0.0
1386,289Fl,0.0
1387,44Sc,0.0
1388,117I,0.0
1389,128Pd,0.0
1390,150Cs,0.0
1391,208Hg,0.0
1393,226Pa,0.0
1381,143I,0.0
1395,105Tc,0.0
1396,206At,0.0
1397,220Pa,0.0
1398,194W,0.0
1399,35Na,0.0
1400,62Co,0.0
1401,231Np,0.0
1402,227Pu,0.0
1403,288Cn,0.0
1382,169Ir,0.0
1380,283Nh,0.0
1405,202Os,0.0
1368,84Ga,0.0
1358,78Y,0.0
1359,126Ag,0.0
1360,150Lu,0.0
1361,103Tc,0.0
1362,219Pb,0.0
1363,97Br,0.0
1365,140Sb,0.0
1366,194Rn,0.0
1367,143La,0.0
1369,56V,0.0
1379,154La,0.0
1370,226Fr,0.0
1371,110In,0.0
1372,255No,0.0
1373,57Zn,0.0
1374,119Rh,0.0
1375,146Ba,0.0
1376,249Am,0.0
1377,46P,0.0
1378,119Ru,0.0
1404,211Hg,0.0
1406,231Am,0.0
1457,166Ta,0.0
1444,8B,0.0
1434,114Ag,0.0
1435,151Nd,0.0
1436,158Yb,0.0
1437,218U,0.0
1438,57K,0.0
1439,205Ac,0.0
1440,284Nh,0.0
1441,210Ac,0.0
1442,86Nb,0.0
1445,19B,0.0
1432,122La,0.0
1446,186Pt,0.0
1447,184Yb,0.0
1449,276Ds,0.0
1450,245Fm,0.0
1451,113Pd,0.0
1452,12O,0.0
1453,97Rh,0.0
1454,159Pr,0.0
1455,202Pt,0.0
1433,82Cu,0.0
1431,158Ce,0.0
1407,224Rn,0.0
1418,203Ir,0.0
1408,73Br,0.0
1409,109Zr,0.0
1410,109Pd,0.0
1411,178Tm,0.0
1412,60Mn,0.0
1414,269Sg,0.0
1415,108Ag,0.0
1416,176Tl,0.0
1417,219U,0.0
1419,150Ce,0.0
1430,73Mn,0.0
1420,21N,0.0
1421,211Pb,0.0
1422,154Lu,0.0
1424,182Os,0.0
1425,62Ge,0.0
1426,133Sn,0.0
1427,168Dy,0.0
1428,153Dy,0.0
1429,232Ac,0.0
1357,94Kr,0.0
1356,47Mn,0.0
1355,156Pm,0.0
1294,211Ac,0.0
1285,197Po,0.0
1286,184Hf,0.0
1287,177Au,0.0
1288,39Si,0.0
1289,45Ar,0.0
1290,80Y,0.0
1291,143Ce,0.0
1292,53Ti,0.0
1293,187Ta,0.0
1295,60Zn,0.0
1283,118Ag,0.0
1296,54Ni,0.0
1297,49S,0.0
1298,158Tm,0.0
1299,211Po,0.0
1300,216Pb,0.0
1301,129Pd,0.0
1302,147Ba,0.0
1303,89Zr,0.0
1304,249No,0.0
1284,253No,0.0
1282,112Te,0.0
1354,11O,0.0
1270,78Ni,0.0
1260,192Ta,0.0
1261,171Ir,0.0
1263,108Sn,0.0
1264,50Ca,0.0
1265,136Gd,0.0
1266,108In,0.0
1267,262Db,0.0
1268,139Pm,0.0
1269,58Cr,0.0
1271,90Nb,0.0
1281,263Sg,0.0
1272,152Tb,0.0
1273,154Ho,0.0
1274,204At,0.0
1275,239Cf,0.0
1276,38K,0.0
1277,260Bh,0.0
1278,215U,0.0
1279,82Zr,0.0
1280,104Rh,0.0
1305,76Y,0.0
1306,111Tc,0.0
1307,175Au,0.0
1343,221At,0.0
1334,167Sm,0.0
1335,79Y,0.0
1336,8He,0.0
1337,80Rb,0.0
1338,110Sb,0.0
1339,273Sg,0.0
1340,12N,0.0
1341,221Ra,0.0
1342,121Ba,0.0
1344,261Rf,0.0
1308,128Nd,0.0
1345,275Rg,0.0
1346,25Ne,0.0
1347,136In,0.0
1348,127In,0.0
1349,132Sn,0.0
1350,37Na,0.0
1351,124Pd,0.0
1352,5He,0.0
1353,145Er,0.0
1333,123Pr,0.0
1332,264Rf,0.0
1331,80As,0.0
1330,55Ni,0.0
1309,211Pa,0.0
1310,216Th,0.0
1311,287Nh,0.0
1312,121Pr,0.0
1313,214At,0.0
1314,206Hg,0.0
1315,125La,0.0
1316,153Er,0.0
1317,78Br,0.0
1318,128Ba,0.0
1319,133In,0.0
1320,168Lu,0.0
1321,200Fr,0.0
1322,120Ba,0.0
1324,244Md,0.0
1325,120Pd,0.0
1326,140Sm,0.0
1327,212Po,0.0
1328,88Nb,0.0
1456,207Fr,0.0
1458,83Cu,0.0
1258,92Rb,0.0
1601,293Ts,0.0
1591,166Eu,0.0
1592,69Cr,0.0
1594,260Lr,0.0
1595,183Lu,0.0
1,5H,0.0
1597,233Np,0.0
1598,139Ba,0.0
1599,181Pt,0.0
1600,70Br,0.0
1602,182Lu,0.0
1589,94Cd,0.0
1603,98Rh,0.0
1604,207Po,0.0
1605,104Zr,0.0
1606,109Y,0.0
1607,90Ru,0.0
1608,210Th,0.0
1609,60Sc,0.0
1610,152Nd,0.0
1611,72Rb,0.0
1590,127Te,0.0
1588,64V,0.0
1613,25Si,0.0
1575,68Fe,0.0
1566,217Pa,0.0
1567,43Ar,0.0
1568,173Er,0.0
1569,232Pu,0.0
1570,156Hf,0.0
1571,56Ti,0.0
1572,286Nh,0.0
1573,13Be,0.0
1574,72Fe,0.0
1576,76Kr,0.0
1587,128Sm,0.0
1577,172Os,0.0
1578,131Sm,0.0
1579,51Ca,0.0
1580,75Y,0.0
1582,96Kr,0.0
1583,56Zn,0.0
1584,149Nd,0.0
1585,164Ir,0.0
1586,32Mg,0.0
1612,66Ge,0.0
1614,114Mo,0.0
1459,244Cf,0.0
1649,97Tc,0.0
1640,82Br,0.0
1641,178Tl,0.0
1642,222At,0.0
1643,278Bh,0.0
1644,142Pm,0.0
1645,177Tm,0.0
1646,155Ta,0.0
1647,175Ir,0.0
1648,184Ta,0.0
1650,99Pd,0.0
1638,100Tc,0.0
1651,211Tl,0.0
1652,223U,0.0
1653,100Kr,0.0
1654,199Tl,0.0
1655,111Ru,0.0
1656,16C,0.0
1657,163Sm,0.0
1658,216U,0.0
1659,232Cm,0.0
1639,117Cs,0.0
1637,60Cu,0.0
1615,95Se,0.0
1625,202Ir,0.0
1616,49Mn,0.0
1617,246Bk,0.0
1618,89Tc,0.0
1619,66Se,0.0
1620,193Au,0.0
1621,140Pr,0.0
1622,161Yb,0.0
1623,175Ta,0.0
1624,201Pb,0.0
1626,124Pr,0.0
1636,59Sc,0.0
1627,110Ru,0.0
1628,118Mo,0.0
1629,38Al,0.0
1630,140Xe,0.0
1631,239Pa,0.0
1632,80Cu,0.0
1633,104In,0.0
1634,155Pr,0.0
1635,177Re,0.0
1565,135Xe,0.0
1564,112Cs,0.0
1563,111Xe,0.0
1496,282Rg,0.0
1486,45S,0.0
1487,92Pd,0.0
1488,92Ag,0.0
1489,44Si,0.0
1491,209Th,0.0
1492,102Zr,0.0
1493,236Bk,0.0
1494,74Br,0.0
1495,101In,0.0
1497,179Os,0.0
1484,139Cs,0.0
1498,148Yb,0.0
1499,130La,0.0
1500,53Fe,0.0
1501,22Al,0.0
1502,232Pa,0.0
1503,244Am,0.0
1504,119Cd,0.0
1505,46Ar,0.0
1506,194Tl,0.0
1485,87Mo,0.0
1483,164Re,0.0
1562,20Na,0.0
1470,210Fr,0.0
1460,14B,0.0
1461,182Hg,0.0
1462,54Ca,0.0
1463,113Xe,0.0
1464,76Cu,0.0
1465,216Tl,0.0
1466,118Xe,0.0
1468,97Cd,0.0
1469,157Nd,0.0
1471,186Po,0.0
1482,118Sb,0.0
1472,11Be,0.0
1473,129Cd,0.0
1474,200Ir,0.0
1475,25Al,0.0
1476,76As,0.0
1477,142Sb,0.0
1478,232Ra,0.0
1479,60Cr,0.0
1480,17F,0.0
1507,221Pu,0.0
1508,196Rn,0.0
1510,198Rn,0.0
1550,241Np,0.0
1539,189Hg,0.0
1540,154Nd,0.0
1542,206Tl,0.0
1543,225Th,0.0
1544,273Hs,0.0
1546,220Fr,0.0
1547,171Er,0.0
1548,214Po,0.0
1549,88Ge,0.0
1551,189Hf,0.0
1512,83Nb,0.0
1552,109Ru,0.0
1553,206Rn,0.0
1554,94Se,0.0
1555,73Co,0.0
1556,169Gd,0.0
1557,31Al,0.0
1558,289Mc,0.0
1559,231Fr,0.0
1560,175Er,0.0
1537,222U,0.0
1535,108Ru,0.0
1534,204Pt,0.0
1533,186Bi,0.0
1513,72Co,0.0
1514,218Pa,0.0
1515,185Yb,0.0
1516,158W,0.0
1517,145Pr,0.0
1518,257Rf,0.0
1519,118In,0.0
1520,237Cf,0.0
1521,231Ra,0.0
1522,34Si,0.0
1523,250Bk,0.0
1524,252Fm,0.0
1525,121Ru,0.0
1526,164Ta,0.0
1527,22N,0.0
1529,158Ho,0.0
1530,82Nb,0.0
1531,84Y,0.0
1532,229Pa,0.0
1259,281Mt,0.0
1257,123Ba,0.0
846,162Lu,0.0
983,51Fe,0.0
974,218Rn,0.0
975,104Nb,0.0
976,74Ga,0.0
977,167Hf,0.0
978,123Ce,0.0
979,141I,0.0
980,266Lr,0.0
981,71Mn,0.0
982,151Dy,0.0
984,170Hf,0.0
972,158Pr,0.0
986,109Tc,0.0
987,222Np,0.0
988,175Tm,0.0
989,159Pm,0.0
990,71Co,0.0
991,225Pa,0.0
992,125Cs,0.0
993,149La,0.0
994,118La,0.0
973,217Po,0.0
971,66V,0.0
996,105Y,0.0
959,152Yb,0.0
950,146Dy,0.0
951,147I,0.0
952,163Er,0.0
953,76Rb,0.0
954,206Ra,0.0
955,112Ag,0.0
956,19O,0.0
957,46V,0.0
958,155Lu,0.0
960,76Ga,0.0
970,168Sm,0.0
961,129Pm,0.0
962,177Yb,0.0
963,226Rn,0.0
964,28Ne,0.0
965,244Bk,0.0
966,154Ce,0.0
967,134La,0.0
968,213Pa,0.0
969,166Tb,0.0
995,25O,0.0
997,235Ac,0.0
1049,210Tl,0.0
1037,120Cs,0.0
1027,150La,0.0
1028,150Er,0.0
1029,276Bh,0.0
1031,93Br,0.0
1032,153Nd,0.0
1033,150Xe,0.0
1034,224Th,0.0
1035,200Rn,0.0
1036,134Ce,0.0
1038,62Sc,0.0
1024,201Bi,0.0
1039,254Bk,0.0
1040,22C,0.0
1041,81Y,0.0
1042,217Tl,0.0
1043,219Bi,0.0
1044,55Ca,0.0
1045,169Ta,0.0
1046,144I,0.0
1047,99Sr,0.0
1026,225Fr,0.0
1023,48Ar,0.0
999,163Lu,0.0
1010,179Ir,0.0
1000,282Ds,0.0
1001,164Lu,0.0
1002,203Bi,0.0
1003,20F,0.0
1004,47S,0.0
1005,241Pa,0.0
1006,107In,0.0
1007,211At,0.0
1008,201Po,0.0
1011,269Bh,0.0
1021,263Bh,0.0
1012,233Cm,0.0
1013,56Cr,0.0
1014,141Tb,0.0
1015,203Fr,0.0
1016,164Ho,0.0
1017,214Rn,0.0
1018,189Au,0.0
1019,172Ir,0.0
1020,218Pb,0.0
947,182Pb,0.0
946,88Br,0.0
945,241Cf,0.0
884,119Ag,0.0
875,14F,0.0
876,101Kr,0.0
877,276Cn,0.0
878,151Ho,0.0
879,148Pr,0.0
880,227U,0.0
881,72As,0.0
882,89Nb,0.0
883,151Pm,0.0
885,234Cm,0.0
873,184Ir,0.0
886,64Ge,0.0
887,62Ga,0.0
888,233Bk,0.0
889,111Zr,0.0
890,116Pd,0.0
891,85Ge,0.0
892,226At,0.0
893,171W,0.0
894,107Sn,0.0
874,52Ti,0.0
872,157Ho,0.0
944,228U,0.0
857,227At,0.0
847,226Ac,0.0
848,183Yb,0.0
849,208Tl,0.0
850,58Sc,0.0
851,201Tl,0.0
852,198Tl,0.0
853,204Ra,0.0
855,97Nb,0.0
856,81Zr,0.0
858,285Nh,0.0
871,56Cu,0.0
860,234Pa,0.0
861,144Eu,0.0
862,217U,0.0
864,28Mg,0.0
865,78Cu,0.0
866,132Sb,0.0
867,23O,0.0
868,222Bi,0.0
869,108Nb,0.0
895,178Ta,0.0
896,91Rb,0.0
897,219At,0.0
933,266Hs,0.0
923,192Tl,0.0
924,122Pr,0.0
926,149Xe,0.0
927,202Ra,0.0
928,239Np,0.0
929,91Se,0.0
930,160Ta,0.0
931,218Ac,0.0
932,114Te,0.0
934,256Cf,0.0
898,122Cd,0.0
935,69Zn,0.0
936,82Ge,0.0
937,85Zr,0.0
938,71Kr,0.0
939,124Rh,0.0
940,130Pd,0.0
941,117Sb,0.0
942,85Y,0.0
943,118Ba,0.0
922,162Gd,0.0
921,185Hg,0.0
920,52Sc,0.0
919,111Cs,0.0
899,266Bh,0.0
900,136Sn,0.0
901,134Nd,0.0
902,167Yb,0.0
903,151Ba,0.0
904,191W,0.0
905,170Ta,0.0
906,10Li,0.0
907,97Ru,0.0
908,64Se,0.0
909,136La,0.0
910,148Ce,0.0
911,146Xe,0.0
912,42Si,0.0
913,128Pm,0.0
914,70Cu,0.0
915,153Sm,0.0
916,7B,0.0
917,260Rf,0.0
1048,125Xe,0.0
1050,242Es,0.0
1256,35Ar,0.0
1194,206Pt,0.0
1185,150Pr,0.0
1186,141La,0.0
1187,203Os,0.0
1188,158Nd,0.0
1189,223Th,0.0
1190,218At,0.0
1191,241Fm,0.0
1192,137Ce,0.0
1193,188Bi,0.0
1195,113I,0.0
1183,109Mo,0.0
1196,125Ru,0.0
1197,140Dy,0.0
1198,268Ds,0.0
1199,156Ho,0.0
1200,117Cd,0.0
1201,161Gd,0.0
1202,155Dy,0.0
1203,98In,0.0
1204,90Ge,0.0
1184,64Fe,0.0
1182,90Rh,0.0
1206,117In,0.0
1169,52V,0.0
1155,111Sn,0.0
1156,14O,0.0
1157,118Tc,0.0
1159,60Ga,0.0
1161,121Xe,0.0
1164,45Cl,0.0
1165,71Fe,0.0
1166,135Sm,0.0
1168,105Mo,0.0
1170,149Pr,0.0
1181,66Co,0.0
1171,262Md,0.0
1173,107Sr,0.0
1174,189W,0.0
1175,87Nb,0.0
1176,250Md,0.0
1177,180Er,0.0
1178,43S,0.0
1179,253Md,0.0
1180,127Ba,0.0
1205,165Os,0.0
1207,119Cs,0.0
1051,83Mo,0.0
1245,245Np,0.0
1235,96Rb,0.0
1237,161Tm,0.0
1238,232Np,0.0
1239,106Sb,0.0
1240,123Pd,0.0
1241,103Zr,0.0
1242,182Tl,0.0
1243,192Pb,0.0
1244,33Mg,0.0
1246,187Pt,0.0
1233,59Ti,0.0
1247,178Ho,0.0
1248,38Cl,0.0
1249,290Lv,0.0
1250,129Ba,0.0
1251,191Ta,0.0
1252,49Sc,0.0
1253,150Gd,0.0
1254,57Ni,0.0
1255,112Mo,0.0
1234,155Er,0.0
1232,133La,0.0
1208,293Lv,0.0
1219,139Xe,0.0
1209,40P,0.0
1210,180Hg,0.0
1211,29Mg,0.0
1212,110Mo,0.0
1213,134Cd,0.0
1215,157W,0.0
1216,142Ba,0.0
1217,59V,0.0
1218,94Ag,0.0
1220,216Pa,0.0
1231,99Rb,0.0
1221,224Ac,0.0
1222,115Cs,0.0
1223,145Xe,0.0
1224,138Sm,0.0
1225,63Fe,0.0
1226,138Sb,0.0
1227,86As,0.0
1228,144La,0.0
1229,122Cs,0.0
1154,51Ar,0.0
1153,155Sm,0.0
1151,235Cm,0.0
1085,199Re,0.0
1076,174Hg,0.0
1077,65As,0.0
1078,122Tc,0.0
1079,42P,0.0
1080,118Ru,0.0
1081,45Cr,0.0
1082,239U,0.0
1083,171Dy,0.0
1084,212At,0.0
1086,162Ta,0.0
1074,67Ge,0.0
1087,13Li,0.0
1088,135Te,0.0
1089,153Ce,0.0
1090,93Sr,0.0
1091,63Ti,0.0
1092,81Ga,0.0
1093,148La,0.0
1095,157Yb,0.0
1096,148Tm,0.0
1075,59Cr,0.0
1073,267Mt,0.0
1150,156Pr,0.0
1061,144Dy,0.0
1052,197At,0.0
1053,159Tm,0.0
1054,156Yb,0.0
1055,171Au,0.0
1056,219Ac,0.0
1057,155Ho,0.0
1058,269Ds,0.0
1059,218Ra,0.0
1060,263Db,0.0
1062,28S,0.0
1072,205Po,0.0
1063,48Mn,0.0
1064,84Ge,0.0
1065,135I,0.0
1066,207Rn,0.0
1067,226Np,0.0
1068,130I,0.0
1069,125Pd,0.0
1070,172Ho,0.0
1071,143Er,0.0
1097,67Cu,0.0
1098,69Ge,0.0
1100,264Hs,0.0
1139,207Tl,0.0
1129,57Ca,0.0
1130,69Fe,0.0
1131,54Ti,0.0
1132,54Zn,0.0
1133,20N,0.0
1134,89Se,0.0
1135,163Nd,0.0
1136,270Sg,0.0
1137,61Zn,0.0
1140,187Po,0.0
1101,64Mn,0.0
1141,16F,0.0
1142,61Mn,0.0
1143,15Ne,0.0
1144,247Cf,0.0
1145,101Zr,0.0
1146,236Pa,0.0
1147,140Gd,0.0
1148,41Ar,0.0
1149,198Re,0.0
1128,244Np,0.0
1127,105Ru,0.0
1126,251Cm,0.0
1125,101Pd,0.0
1103,62Cu,0.0
1104,85Zn,0.0
1105,115Rh,0.0
1108,139Nd,0.0
1109,170Os,0.0
1110,129Nd,0.0
1111,218Th,0.0
1112,189Bi,0.0
1113,125Cd,0.0
1114,17N,0.0
1115,70Se,0.0
1116,77As,0.0
1117,51Cl,0.0
1118,153Pr,0.0
1119,165Re,0.0
1120,73Kr,0.0
1121,61Cr,0.0
1122,129Sm,0.0
1123,215Ra,0.0
3191,9C,0.0
