,Beta-decay fraction,Average beta decay energy,Beta-decay energy (keV),Half life (years),Isotope
4,1.0,5.69,14464.0,4.309579942707937e-09,134In
5,1.0,5.69,8610.0,1.6794686541435342e-09,154Ba
8,1.0,5.69,2602.0,2.7264430755190507e-06,173Er
10,1.0,5.69,9597.7522,6.147489035921616e-09,66Co
11,1.0,38.0,2917.709,0.00032226785306867445,88Kr
14,1.0,5.69,8748.5685,8.71422414885796e-09,63Mn
16,1.0,5.69,12523.3972,1.0647197505513727e-08,19N
17,1.0,5.69,2018.6123,1.0076811924861206e-05,158Sm
18,1.0,5.69,6455.6267,2.8677719471696198e-08,109Tc
22,1.0,5.69,1104.4191,0.00011921058635637691,229Ac
28,1.0,5.69,12319.3807,1.5273658326361954e-09,61V
34,1.0,5.69,2712.9729,4.49970846959211e-06,215Pb
37,1.0,60.2,1149.0844,4.182827591451821e-05,223Fr
39,1.0,5.69,3074.5667,6.654498440946079e-06,185Hf
42,1.0,5.69,4163.5021,5.989048596851471e-07,151Pr
45,1.0,3.21,45.5402,5.75,228Ra
51,1.0,5.69,7845.6026,9.31629781732451e-09,123Ag
56,1.0,5.69,5265.9197,4.753213172104342e-06,224At
58,1.0,5.69,5556.9381,4.975029786802545e-08,72Ni
59,1.0,5.69,4617.6517,6.147489035921615e-07,71Cu
62,1.0,5.69,14054.2989,3.092757370649225e-09,84Ga
67,1.0,72.0,2702.7013,2.545820974979086e-05,147Pr
69,1.0,14.1,485.8684,0.009308692676249144,166Dy
70,1.0,65.2,1830.774,0.0023859228838694958,28Mg
74,1.0,5.69,15438.0995,3.802570537683474e-10,58Sc
75,1.0,5.69,14438.1586,6.210865211549675e-10,63V
82,1.0,123.0,2470.1898,0.01469678302532512,148Pm
89,1.0,5.69,1631.0,1.787208152711233e-05,238Th
95,1.0,5.69,13839.0,7.003067406900398e-10,69Mn
101,1.0,5.69,2713.5412,8.859989352802494e-06,225Rn
102,1.0,5.69,6218.1669,2.018531193753644e-06,140Cs
105,1.0,19.1,90.8123,0.00161,93Zr
106,1.0,5.69,7203.1495,6.591122265318022e-08,77Zn
107,1.0,5.69,13250.0,7.922021953507237e-10,109Y
112,1.0,5.69,11186.0,5.13347022587269e-09,69Fe
116,1.0,5.69,10230.0,1.0507769919132e-08,75Ni
118,1.0,5.69,5411.738,3.3557684995056653e-08,96Sr
120,1.0,5.69,5481.3495,7.478388724110832e-08,125In
124,1.0,5.69,4970.2419,1.0362004715187467e-06,53Ti
126,1.0,5.69,8089.9214,1.1090830734910133e-08,57V
129,1.0,5.69,8692.8893,5.862296245595356e-08,83Ge
131,1.0,5.69,5129.086,4.5313965574061396e-07,86Se
132,1.0,5.69,4947.8903,4.262047810986893e-07,50Ca
133,1.0,5.69,3993.6241,1.80622100539965e-07,76Zn
134,1.0,47.0,2944.2864,0.0014099931553730322,130I
139,1.0,60.0,2634.1851,0.0007506274241387178,135I
140,1.0,5.69,8584.4751,6.0207366846655e-09,119Rh
143,1.0,5.69,18193.5414,2.5984232007503733e-10,26F
146,1.0,5.69,8049.6228,4.3412680305219664e-08,133Sn
149,1.0,205.0,1307.5659,1.581869343676325e-05,206Hg
154,1.0,5.69,8205.7585,4.848277435546429e-08,126In
166,1.0,5.69,7689.6824,4.480695616903693e-08,148La
167,1.0,5.69,11769.0,2.661799376378432e-09,156La
173,1.0,5.69,10155.0,5.767231982153269e-09,139Sb
174,1.0,5.69,5696.0,3.01036834233275e-07,220Bi
177,1.0,71.0,2824.6411,2.7777777777777776e-05,101Mo
179,1.0,5.69,6050.3894,6.0207366846655e-07,135Te
188,1.0,5.69,921.2477,7.091794052779678e-05,236Th
189,1.0,195.8,545.9674,28.91,90Sr
192,1.0,28.3,1366.1041,6.875579892006995e-05,211Pb
197,1.0,5.69,12812.6089,3.105432605774837e-09,131Cd
203,1.0,5.69,2660.0,4.753213172104342e-06,201Pt
206,1.0,5.69,10225.687,8.650847973229903e-09,130In
208,1.0,5.69,14289.0,2.3195680279869193e-09,81Cu
210,1.0,5.69,10888.0,3.01036834233275e-09,105Y
212,1.0,5.69,7503.7365,6.4041625472152505e-09,100Sr
214,1.0,5.69,10990.3608,3.0420564301467792e-09,55Sc
217,1.0,5.69,11120.0,4.753213172104343e-10,124Ru
218,1.0,5.69,3396.3337,3.9926990645676475e-06,75Ga
219,1.0,5.69,9084.862,6.134813800796004e-09,111Mo
224,1.0,5.69,7623.5438,2.2181661469820265e-08,109Mo
226,1.0,5.69,2610.2694,1.793862651152179e-05,27Mg
227,1.0,5.69,9380.2388,1.863259563464902e-08,140I
229,1.0,5.69,13680.0,8.397343270717671e-10,75Co
230,1.0,5.69,2089.4348,9.506426344208685e-07,234Ra
233,1.0,5.69,6003.121,5.830608157781327e-08,92Kr
242,1.0,229.0,1340.0,0.0004699977184576774,184Hf
247,1.0,127.0,1420.0,3.194159251654118e-05,251Cm
248,1.0,5.69,8138.6978,1.5210282150733896e-08,127Cd
250,1.0,5.69,7461.7591,1.844246710776485e-08,145Cs
255,1.0,5.69,3207.1628,2.1547899713539685e-06,163Gd
256,1.0,27.8,251.9612,4.742,155Eu
263,1.0,5.69,10099.0,7.922021953507237e-10,122Ru
267,1.0,5.69,11806.0982,2.915304078890663e-09,18C
268,1.0,5.69,11796.0,3.802570537683474e-10,100Kr
269,1.0,13.96,76.6182,94.6,151Sm
270,1.0,49.47,156.4765,5700.0,14C
279,1.0,5.69,13369.6698,2.5350470251223157e-09,25F
280,1.0,5.69,2155.6519,1.1027454559282074e-05,197Ir
283,1.0,73.9,1141.9038,0.0034029203741729407,193Os
286,1.0,5.69,1626.5384,1.1293634496919918e-05,56Cr
288,1.0,5.69,3001.1457,7.129819758156514e-06,107Ru
289,1.0,5.69,7238.7734,1.112251882272416e-08,140Te
298,1.0,5.69,2028.073,1.9393109742185715e-05,213Pb
300,1.0,5.69,4300.0,1.2136537632773086e-06,204Au
302,1.0,5.69,2419.0,1.5210282150733895e-05,179Yb
303,1.0,5.69,10065.7253,1.568560346794433e-08,85Ge
310,1.0,590.0,3901.0,1.996349532283824e-05,186Ta
314,1.0,5.69,3484.7131,4.277891854893908e-06,208Hg
324,1.0,5.69,9866.6724,1.7206631683017717e-08,91Br
326,1.0,5.69,6170.1238,1.3911070550358708e-08,160Nd
332,1.0,245.0,1454.7073,8.213552361396305e-05,117In
333,1.0,5.69,13184.0,5.1651583136867184e-09,133In
334,1.0,5.69,6489.6562,7.129819758156513e-08,22O
336,1.0,5.69,7482.0816,2.566735112936345e-06,40Cl
338,1.0,5.69,8899.0,6.33761756280579e-09,168Eu
344,1.0,5.69,9850.0,3.2004968692169236e-09,155La
347,1.0,5.69,6404.6947,3.137120693588866e-07,146La
349,1.0,5.69,10270.4677,2.5477222602479276e-09,32Mg
350,1.0,5.69,8445.2283,8.872664587928105e-09,60Mn
351,1.0,5.69,9140.0,4.6898369964762845e-09,138Sn
354,1.0,5.69,2292.9057,3.029381195021167e-06,74Zn
358,1.0,5.69,8337.0,1.1249271173980277e-08,136Sn
359,1.0,5.69,10987.704,7.034755494714426e-10,60Ti
361,1.0,5.69,1242.232,4.1505057418815115e-05,233Th
365,1.0,30.2,764.5378,0.1074469541409993,103Ru
367,1.0,5.69,11708.3636,6.800263644890612e-10,12Be
375,1.0,5.69,9690.0,9.094481202626308e-09,152La
376,1.0,5.69,5925.6639,4.246203767079879e-08,103Nb
380,1.0,97.1,431.1764,0.2056125941136208,185W
382,1.0,5.69,10920.0,6.65449844094608e-10,118Mo
384,1.0,5.69,1859.2451,2.0597257079118815e-06,228Rn
388,1.0,5.69,5796.6788,8.017086216949322e-08,165Eu
390,1.0,5.69,8343.9631,7.3041042411336724e-09,147Cs
393,1.0,5.69,6261.6865,5.7101934240880165e-08,143Cs
395,1.0,5.69,6027.1455,7.646335589525184e-07,137I
396,1.0,5.69,12264.0,1.7111567419575631e-09,84Zn
401,1.0,111.8,2366.626,0.22931416837782342,46Sc
404,1.0,5.69,1912.0559,9.98174766141912e-06,153Pm
414,1.0,5.69,2765.0,0.0002053388090349076,239Pa
415,1.0,5.69,720.0,0.00016160924785154764,255Cf
416,1.0,5.69,7622.0,3.92932288893959e-08,166Eu
422,1.0,5.69,10560.0,1.901285268841737e-09,125Pd
425,1.0,5.69,4556.7647,7.922021953507237e-07,115Pd
427,1.0,5.69,17320.0,4.753213172104343e-10,64V
429,1.0,5.69,3505.7517,2.3861130123963798e-06,94Sr
433,1.0,5.69,11350.0,1.410119907724288e-09,117Tc
434,1.0,5.69,2229.5607,4.479428093391132e-05,111Pd
436,1.0,5.69,10320.0,1.6034172433898649e-09,104Sr
438,1.0,23.0,1261.8237,4.943341698988516e-05,201Au
441,1.0,5.69,6844.8422,6.806601262453418e-07,45Ar
444,1.0,5.69,16994.0653,1.7026009582477753e-09,34Al
452,1.0,174.32,1175.6285,30.04,137Cs
454,1.0,5.69,10371.9409,1.023525236393135e-08,112Tc
455,1.0,5.69,4385.6489,1.955155018125586e-07,123In
456,1.0,82.0,1007.7049,0.0027720739219712527,189Re
458,1.0,5.69,3080.0,1.026694045174538e-05,174Tm
460,1.0,5.69,21846.3983,1.964661444469795e-10,22C
462,1.0,5.69,11428.2924,9.487413491520266e-09,81Zn
470,1.0,72.0,2385.0,2.88995360863944e-05,175Tm
472,1.0,5.69,6080.0,1.1724592491190711e-07,174Ho
478,1.0,5.69,2846.5103,3.1212766496818513e-06,217Bi
487,1.0,104.6,1532.2128,7.989200699672978e-06,206Tl
489,1.0,143.9,5312.6243,3.3804852080006085e-05,88Rb
492,1.0,81.7,282.2749,49700000000.0,87Rb
496,1.0,5.69,5255.141,7.87132101300479e-07,141Cs
498,1.0,159.4,3988.8685,0.004981747661419119,48Sc
499,1.0,5.69,8975.3282,5.17783354881233e-07,88Br
502,1.0,64.0,2377.0,7.415012548482774e-05,246Am
503,1.0,5.69,4440.1115,9.791619134534943e-07,68Cu
505,1.0,5.69,14170.0,9.506426344208685e-10,108Y
506,1.0,7.42,1373.5226,0.007377522245037646,198Au
507,1.0,286.8,3888.2706,0.00014506806601262453,87Kr
509,1.0,5.69,13022.1957,6.971379319086369e-10,57Sc
512,1.0,5.69,9381.8471,1.4608208482267345e-08,53Ca
514,1.0,5.69,13410.0,1.2041473369331e-09,112Nb
523,1.0,5.69,6052.0,3.485689659543184e-07,202Ir
526,1.0,5.69,5582.2823,1.3942758638172737e-06,144La
528,1.0,5.69,3864.0868,5.577103455269096e-07,231Fr
529,1.0,5.69,2700.0,4.182827591451822e-06,242Np
530,1.0,31.2,1992.177,0.01241889117043121,47Ca
532,1.0,189.0,1502.1757,0.13843394934976044,89Sr
536,1.0,145.9,2045.0163,20400.0,94Nb
537,1.0,65.0,904.363,0.00012196744999619743,249Cm
538,1.0,130.0,1327.9489,8.02342383451213e-05,227Ra
540,1.0,5.69,10616.7652,5.63731082211575e-09,82Zn
544,1.0,5.69,11620.919,3.834258625497503e-09,114Tc
548,1.0,159.0,1949.1237,0.0002978553502167465,92Sr
554,1.0,5.69,4141.3118,1.4126549547494104e-05,93Sr
555,1.0,5.69,10660.0,1.869597181027708e-09,151Cs
560,1.0,68.8,227.1872,157.0,32Si
561,1.0,5.69,8106.2003,1.3499125408776333e-08,101Y
563,1.0,5.69,11542.0,2.978680254518721e-09,144I
564,1.0,5.69,3209.0164,1.6477805663295053e-06,196Ir
567,1.0,5.69,10818.0916,1.3404061145334246e-07,22F
568,1.0,5.69,9918.3897,2.924810505234872e-08,136Sb
571,1.0,5.69,3988.4006,1.4988465536035691e-06,35P
576,1.0,158.0,1417.5323,9.069130732375084e-06,207Tl
578,1.0,5.69,12016.946,1.3137881207696402e-09,33Al
580,1.0,202.64,556.8759,0.001387,10Be
582,1.0,5.69,8261.5231,1.3806499860572412e-07,89Br
605,1.0,5.69,5823.0223,1.958323826906989e-07,33Si
606,1.0,5.69,13821.0986,3.8659467133115315e-09,60V
607,1.0,5.69,15368.1833,5.323598752756863e-10,31Na
609,1.0,5.69,7671.3532,6.527746089689964e-09,62Cr
611,1.0,56.6,1285.7287,0.0002660278348163358,165Dy
612,1.0,5.69,8788.9322,4.018049534818871e-09,130Cd
613,1.0,5.69,8561.0867,5.957360509037442e-09,145Xe
615,1.0,5.69,3576.8654,6.654498440946078e-07,67Ni
616,1.0,5.69,10249.0,1.3562501584404389e-09,98Kr
621,1.0,5.69,2576.395,4.531396557406139e-06,233Ac
623,1.0,5.69,8535.7155,1.597079625827059e-08,150La
624,1.0,5.69,5575.8791,1.742844829771592e-07,232Fr
625,1.0,5.69,3724.0,1.0773949856769841e-07,172Dy
630,1.0,5.69,2770.0,3.263873044844982e-07,204Pt
631,1.0,159.0,4208.9819,0.00017244657388394555,78As
632,1.0,5.69,13490.0,8.872664587928106e-10,127Rh
634,1.0,5.69,9051.4949,2.978680254518721e-08,100Y
638,1.0,5.69,1533.0836,9.772606281846527e-06,205Hg
640,1.0,5.69,9353.7631,2.2587268993839833e-09,26Na
645,1.0,5.69,12005.458,3.4856896595431844e-10,56Ca
652,1.0,59.0,3192.059,0.0026637006616472736,96Nb
657,1.0,5.69,6520.0,6.97137931908637e-08,192Ta
658,1.0,5.69,2687.0,8.207214743833496e-07,154Nd
659,1.0,5.69,1785.1041,3.707506274241387e-05,163Tb
668,1.0,5.69,7194.0221,3.219509721905341e-08,42S
669,1.0,5.69,7024.4689,3.487654320987654e-07,20F
671,1.0,5.69,9512.9152,1.7428448297715922e-09,58Ti
672,1.0,61.96,224.0638,2.6234,147Pm
673,1.0,5.69,2044.8311,1.8632595634649022e-05,191Re
679,1.0,148.0,3197.3515,3.4736481861738533e-05,141Ba
682,1.0,389.0,1161.1549,0.01372210814510609,210Bi
683,1.0,170.1,3673.178,4.230359723172865e-05,83Se
688,1.0,5.69,9257.0,6.115800948107587e-09,141Te
691,1.0,5.69,526.5277,9.563464902273936e-05,118Cd
700,1.0,5.69,1620.0,4.372956118335995e-05,247Am
706,1.0,5.69,11305.8789,1.6667934190179228e-08,54Sc
715,1.0,59.4,515.3046,0.008772073921971253,132Te
721,1.0,5.69,7306.0,1.6088042183182497e-08,74Ni
727,1.0,55.8,150.6016,327000.0,79Se
730,1.0,5.69,6340.6944,1.4798337009151519e-08,66Fe
733,1.0,5.69,22684.4422,1.6097548609526705e-10,17B
734,1.0,5.69,11828.5569,8.555783709787816e-09,31Mg
735,1.0,5.69,6659.0,2.741019595913504e-08,153Ce
739,1.0,5.69,9110.0,2.9469921667046923e-09,144Te
741,1.0,42.3,569.0133,0.0012122975131188683,212Pb
742,1.0,87.8,2960.5756,0.002993292265571526,76As
743,1.0,5.69,9712.7471,4.658148908662255e-09,129Cd
749,1.0,46.0,1786.2812,0.0023762263289984027,133I
753,1.0,5.69,4293.475,4.879965523360458e-07,192Re
755,1.0,5.69,12239.6512,2.0280376200978526e-08,38P
756,1.0,5.69,8930.0,1.5400410677618068e-09,126Pd
757,1.0,5.69,1500.8333,1.654118183892311e-05,168Dy
759,1.0,5.69,12978.3208,1.0330316627373438e-09,32Al
762,1.0,5.69,14248.0,1.3942758638172737e-09,79Ni
763,1.0,5.69,7633.4147,1.746013638552995e-06,86Br
764,1.0,5.69,10690.0,5.101782138058661e-09,154La
765,1.0,5.69,2171.0426,1.4487793748574035e-05,215Bi
769,1.0,5.69,13606.4541,5.646817248459958e-09,9Li
773,1.0,5.69,13861.3774,1.4956777448221663e-08,50K
774,1.0,44.0,2810.3405,4.563084645220168e-06,71Zn
777,1.0,3.6,96.6,6.0,194Os
782,1.0,5.69,2958.9765,1.660455801455117e-07,122Cd
786,1.0,242.0,3575.4729,0.00026180698151950717,132I
792,1.0,5.69,3103.0,1.08373260323979e-05,180Lu
797,1.0,516.0,2366.3263,4.563084645220168e-06,119In
799,1.0,5.69,11204.0998,6.3693056506198185e-09,108Nb
802,1.0,5.69,2137.4905,1.654118183892311e-05,237Pa
806,1.0,5.69,3023.4392,4.011711917256065e-06,165Tb
811,1.0,5.69,6982.744,1.0045123837047176e-08,30Mg
812,1.0,5.69,1955.6357,6.932086090196973e-06,161Gd
813,1.0,5.69,3418.5098,2.249854234796055e-07,100Zr
816,1.0,5.69,13895.9838,1.9621263974446726e-08,18N
817,1.0,36.0,1017.7611,5.1448779374857396e-05,214Pb
821,1.0,5.69,2546.3427,2.1547899713539685e-06,62Fe
823,1.0,23.0,399.2685,0.0016084873374401095,240U
825,1.0,5.69,4865.1258,9.601490607650771e-06,37S
828,1.0,5.69,5193.8878,8.682536061043931e-07,156Pm
829,1.0,5.69,4063.2768,4.3095799427079365e-07,140Xe
832,1.0,5.69,15719.8092,4.658148908662255e-10,29Ne
839,1.0,5.69,3530.0,6.30592947499176e-07,217Pb
846,1.0,5.69,18935.5625,1.0773949856769842e-10,31Ne
850,1.0,73.6,3695.4973,0.00029419347478895733,56Mn
851,1.0,5.69,4581.0714,1.7111567419575632e-06,222At
853,1.0,5.69,4406.3133,1.0241589981494156e-06,90Kr
855,1.0,5.69,3659.0,2.281542322610084e-06,175Er
861,1.0,5.69,1370.1184,4.639136055973838e-05,235Pa
862,1.0,137.0,1509.6875,7.94737242375846e-05,134Te
863,1.0,5.69,12450.0,6.971379319086369e-10,117Mo
869,1.0,5.69,4961.2946,6.686186528760108e-07,57Cr
870,1.0,18.7,470.1219,0.011457905544147842,175Yb
875,1.0,5.69,5777.2167,2.978680254518721e-07,168Tb
876,1.0,5.69,13670.0,7.288260197226658e-10,115Nb
878,1.0,5.69,11563.897,6.385149694526833e-09,96Rb
879,1.0,5.69,12130.0,8.397343270717671e-10,125Rh
880,1.0,5.69,6299.0,2.535047025122316e-08,166Sm
881,1.0,33.0,2524.6381,0.0002855350216746521,117Cd
882,1.0,5.69,13990.0,9.823307222348974e-10,129Pd
884,1.0,5.69,2051.0,3.5173777473572135e-06,243Np
886,1.0,5.69,599.3527,32.9,42Ar
887,1.0,5.69,12225.9002,2.376606586052171e-09,110Nb
888,1.0,266.6,2997.44,3.285420944558522e-05,144Pr
889,1.0,5.69,262.6897,0.0024001825233858085,112Pd
894,1.0,5.69,12480.0,7.605141075366948e-10,111Zr
901,1.0,5.69,6868.4609,4.658148908662255e-08,155Pr
902,1.0,5.69,15440.0,4.753213172104343e-10,77Co
903,1.0,5.69,813.0,0.02108145106091718,257Es
905,1.0,277.0,2308.4632,0.00015767358734504526,139Ba
907,1.0,25.3,807.4073,0.005280013689253935,153Sm
909,1.0,5.69,14922.0,2.1547899713539683e-09,45S
910,1.0,5.69,3687.3192,1.2472431363601794e-05,29Al
913,1.0,5.69,2605.5435,6.654498440946079e-06,181Lu
915,1.0,232.5,1776.0972,0.05104722792607803,86Rb
917,1.0,5.69,6585.3721,5.006717874616574e-06,90Rb
920,1.0,5.69,3206.4401,4.898978376048876e-07,100Tc
922,1.0,350.0,1261.6634,4.458513955433873e-05,239U
925,1.0,5.69,8220.4934,9.189545466068395e-09,121Pd
926,1.0,5.69,13907.147,8.238902831647526e-10,56Sc
927,1.0,5.69,15200.0,2.7251755520064897e-09,136In
937,1.0,5.69,1827.5584,7.510076811924861e-06,225Fr
940,1.0,10.03,39.4038,1.0179329226557152,106Ru
943,1.0,5.69,15094.9874,1.3055492179379927e-09,39Si
944,1.0,5.69,9406.8875,4.7849012599183715e-09,117Ru
945,1.0,5.69,3850.0,6.33761756280579e-07,189Ta
946,1.0,5.69,7147.8469,1.1914721018074883e-07,118Ag
948,1.0,5.69,11177.0,1.6794686541435342e-09,103Sr
952,1.0,5.69,16584.0,1.0773949856769842e-09,82Cu
954,1.0,5.69,9555.8882,1.019088904099171e-08,146Cs
955,1.0,5.69,14720.0,6.65449844094608e-10,120Tc
960,1.0,5.69,1598.8278,1.597079625827059e-05,162Gd
967,1.0,5.69,12440.0,1.0140188100489263e-09,113Nb
968,1.0,46.0,1190.2198,0.0032397900981063197,151Pm
971,1.0,5.69,14462.0,1.109083073491013e-09,131Ag
973,1.0,5.69,4236.479,2.3322432631125302e-06,117Ag
988,1.0,5.69,5688.0,8.365655182903642e-07,211Hg
989,1.0,5.69,6760.4051,6.33761756280579e-09,56Ti
996,1.0,4.16,63.4758,22.2,210Pb
1002,1.0,5.69,10466.3291,2.4716708494942578e-08,35Si
1003,1.0,5.69,3682.0153,3.485689659543184e-07,111Rh
1008,1.0,5.69,7327.7007,5.345780414226684e-08,142Cs
1009,1.0,5.69,7389.301,1.1059142647096103e-08,149Ba
1015,1.0,5.69,12028.0,3.263873044844982e-09,87Ge
1018,1.0,5.69,5175.0,1.5844043907014474e-07,194Re
1021,1.0,5.69,6283.9149,4.626460820848226e-08,138Te
1022,1.0,5.69,7914.7191,1.4734960833523461e-08,151La
1026,1.0,68.0,2375.5,0.0004980606890257813,129Sb
1027,1.0,12.3,579.5559,0.0005652863335614876,243Pu
1029,1.0,18.4,401.0,0.029678302532511976,246Pu
1032,1.0,5.69,2242.8547,9.728242958906886e-07,98Zr
1037,1.0,5.69,3508.5089,7.833295307627956e-06,152Pm
1041,1.0,5.69,14429.7751,1.235835424747129e-10,36Mg
1042,1.0,5.69,7640.0,8.080462392577381e-09,163Pm
1045,1.0,5.69,11508.2568,1.3087180267193955e-08,45Cl
1047,1.0,5.69,2518.4717,3.441326336603544e-05,159Eu
1054,1.0,5.69,9116.0536,2.3639313509265594e-08,79Zn
1060,1.0,5.69,8439.3084,7.066443582528455e-08,23F
1061,1.0,5.69,5371.9076,1.5590539204502244e-08,120Pd
1066,1.0,5.69,13080.0,6.971379319086369e-10,121Tc
1068,1.0,181.0,4591.3681,9.062793114812278e-08,98Nb
1073,1.0,5.69,5107.3505,1.330899688189216e-07,167Gd
1074,1.0,694.9,1710.6608,0.039066392881587954,32P
1076,1.0,5.69,4168.342,3.9610109767536186e-08,124Cd
1078,1.0,5.69,7306.5921,9.506426344208684e-09,64Co
1080,1.0,150.0,3544.8865,9.528608005678505e-07,106Rh
1083,1.0,1.91,1544.271,0.16019164955509924,91Y
1084,1.0,5.69,3721.7197,5.114457373184272e-06,119Cd
1085,1.0,5.69,6204.9921,1.1090830734910131e-07,107Mo
1086,1.0,107.0,1508.9427,4.125789033386569e-05,107Rh
1090,1.0,69.36,970.8477,0.0219709787816564,131I
1093,1.0,5.69,10408.7856,1.1407711613050421e-08,102Y
1095,1.0,70.8,4917.8589,3.555403452734048e-05,94Y
1108,1.0,494.0,5596.7945,3.4793520419803785e-05,104Tc
1109,1.0,5.69,6327.7027,9.506426344208684e-08,58Mn
1112,1.0,8.2,1853.8057,0.0030586356376910793,166Ho
1118,1.0,54.0,2263.1737,9.202220701194007e-05,200Au
1119,1.0,5.69,8514.7483,2.135777118665551e-08,134Sb
1127,1.0,5.69,3437.8515,1.6160924785154763e-07,166Gd
1131,1.0,5.69,12967.0,3.168808781402895e-09,83Zn
1132,1.0,5.69,9910.0,3.872284330874337e-09,78Ni
1139,1.0,5.69,1835.3638,6.198189976424062e-06,84Se
1146,1.0,9.3,34.0458,0.006500000000000001,107Pd
1159,1.0,5.69,9926.375,1.4902907698937814e-08,77Cu
1160,1.0,201.0,1613.52,2.70362765229295e-05,101Tc
1162,1.0,5.69,10958.9533,6.052424772479528e-08,90Br
1163,1.0,5.69,11490.0,6.65449844094608e-10,106Sr
1166,1.0,5.69,7779.0,3.961010976753618e-09,112Mo
1167,1.0,5.69,4970.4627,6.05242477247953e-07,230Fr
1168,1.0,5.69,7409.3977,1.5844043907014474e-09,59Cr
1170,1.0,5.69,11638.0,6.242553299363703e-09,104Y
1178,1.0,5.69,7575.0553,1.7815042969047075e-08,80Zn
1181,1.0,5.69,4252.43,4.5801962126397444e-05,146Pr
1183,1.0,5.69,6498.7491,9.252921641696453e-09,110Mo
1185,1.0,68.7,1491.5071,0.00029880599285116735,31Si
1191,1.0,5.69,1872.0266,7.605141075366948e-06,229Ra
1192,1.0,5.69,5554.6233,5.5771034552690945e-08,151Ce
1194,1.0,44.5,683.1627,0.004425051334702258,77As
1198,1.0,5.69,3336.1617,4.296904707582325e-06,149Pr
1200,1.0,31.8,1781.6696,0.00036641569701117955,250Bk
1202,1.0,5.69,6830.3441,1.5844043907014474e-08,159Nd
1204,1.0,5.69,7173.6224,7.224884021598599e-08,139I
1206,1.0,59.9,1357.7631,0.007521332420716405,99Mo
1207,1.0,5.69,1728.8531,1.3689253935660506e-05,235Th
1212,1.0,5.69,13161.8007,6.115800948107587e-09,17C
1222,1.0,5.69,6169.8248,7.281922579663852e-06,116Ag
1233,1.0,5.69,14698.6603,4.753213172104342e-09,40P
1234,1.0,55.5,1502.2919,0.00013232945471138488,129Te
1236,1.0,5.69,11321.3964,2.020749359900626e-08,76Cu
1237,1.0,5.69,6059.4457,1.5527163028874185e-08,60Cr
1238,1.0,5.69,8362.4883,2.1009202220701191e-07,72Cu
1239,1.0,5.69,8828.1511,5.0700940502446315e-09,125Ag
1243,1.0,5.69,4690.3523,1.3657565847846474e-07,82Ge
1244,1.0,5.69,14120.0,8.238902831647526e-10,103Rb
1245,1.0,5.69,10469.4858,5.63731082211575e-09,124Ag
1250,1.0,5.69,5112.5985,6.717874616574136e-07,107Tc
1252,1.0,5.69,8111.8785,7.605141075366947e-08,53Sc
1257,1.0,5.69,8253.0,4.658148908662255e-09,142Te
1259,1.0,5.69,7292.6673,4.1194514158237636e-08,55Ti
1262,1.0,5.69,13496.1583,1.2168225720587117e-08,24F
1268,1.0,5.69,5757.565,3.6124420107993e-07,69Ni
1270,1.0,5.69,16530.0,7.288260197226658e-10,76Co
1273,1.0,85.0,1835.9516,0.1979466119096509,160Tb
1275,1.0,5.69,9932.203,2.3449184982381423e-09,121Rh
1279,1.0,5.69,10033.2148,3.01036834233275e-09,57Ti
1284,1.0,5.69,4508.0,1.2897051740309784e-07,171Dy
1287,1.0,5.69,5684.1712,1.3175906913073238e-07,21F
1293,1.0,5.69,2991.0276,4.182827591451822e-06,221Po
1294,1.0,5.69,2663.2474,1.717494359520369e-06,103Tc
1296,1.0,5.69,1956.0,4.563084645220168e-06,180Yb
1298,1.0,294.1,2492.0392,0.0002083998783177428,41Ar
1302,1.0,5.69,14590.0,6.0207366846655e-10,126Rh
1303,1.0,51.0,560.8226,0.007053388090349075,67Cu
1308,1.0,55.9,1404.0231,0.0005236139630390143,179Lu
1312,1.0,5.69,9243.3698,1.5748979643572388e-08,137Sb
1314,1.0,5.69,2155.2212,1.901285268841737e-06,104Mo
1316,1.0,5.69,12510.0,2.059725707911882e-09,134Cd
1319,1.0,5.69,2103.2205,9.189545466068395e-07,68Ni
1324,1.0,5.69,4231.7331,7.858645777879179e-07,145La
1325,1.0,5.69,18082.568,1.5844043907014473e-10,27F
1331,1.0,5.69,13698.0,2.218166146982026e-09,94Br
1333,1.0,5.69,7262.6008,1.3625877760032448e-07,102Nb
1336,1.0,197.5,644.0152,0.00036903947068218115,209Pb
1344,1.0,5.69,3317.6236,1.0013435749233148e-06,153Nd
1347,1.0,5.69,11630.0,9.189545466068395e-10,121Ru
1348,1.0,5.69,11720.0,2.566735112936345e-09,150Cs
1351,1.0,5.69,4656.2095,2.820239815448576e-07,155Nd
1358,1.0,5.69,9771.7071,7.760412705655689e-08,15C
1363,1.0,218.8,565.0,268.0,39Ar
1366,1.0,5.69,5760.318,1.2168225720587115e-06,41Cl
1367,1.0,5.69,11964.05,8.397343270717672e-09,43S
1368,1.0,5.69,2930.0,5.684842953836794e-06,168Ho
1371,1.0,5.69,6257.2889,1.4576520394453314e-07,52Ca
1372,1.0,5.69,4585.9906,2.8519279032626053e-08,233Fr
1373,1.0,5.69,12139.0,1.330899688189216e-09,73Co
1378,1.0,5.69,17356.0423,1.4544832306639287e-09,30Na
1381,1.0,5.69,5974.2073,4.1194514158237636e-08,163Sm
1387,1.0,5.69,14375.0,1.5844043907014474e-09,46S
1395,1.0,43.36,925.6009,0.09580013689253936,95Nb
1399,1.0,5.69,11541.0256,2.994524298425736e-08,86As
1400,1.0,5.69,7322.3107,1.9076228864045427e-08,25Ne
1406,1.0,5.69,3082.53,3.7170127005855954e-07,144Ba
1408,1.0,174.8,5262.4445,1.657540497376226e-05,49Ca
1411,1.0,142.6,600.7694,0.009169609856262834,47Sc
1413,1.0,5.69,5552.9155,5.304585900068446e-06,132Sb
1414,1.0,56.0,2920.169,2.376606586052171e-05,133Te
1416,1.0,5.69,18.59202,12.32,3H
1422,1.0,21.3,1312.5048,0.002716062057951175,187W
1423,1.0,5.69,9277.3463,2.8519279032626053e-09,54Ca
1424,1.0,5.69,3260.2763,3.042056430146779e-07,160Sm
1425,1.0,480.0,5481.4334,2.471670849494258e-06,210Tl
1430,1.0,5.69,8752.8229,1.4069510989428853e-08,156Pr
1431,1.0,5.69,4557.0175,8.777600324486018e-08,34Si
1432,1.0,5.69,4718.6736,6.65449844094608e-08,99Zr
1435,1.0,52.0,1688.8697,0.00019712525667351128,149Nd
1439,1.0,5.69,6648.0,3.485689659543184e-07,214Tl
1443,1.0,5.69,15640.0,1.5527163028874185e-09,86Ga
1444,1.0,132.0,1072.1161,0.013963039014373716,183Ta
1446,1.0,5.69,7363.697,9.886683397977031e-08,124In
1447,1.0,5.69,12191.7329,6.971379319086369e-10,55Ca
1451,1.0,5.69,22481.7725,7.288260197226658e-10,22N
1452,1.0,5.69,2889.373,1.7301695946459806e-05,236Pa
1453,1.0,5.69,7108.8741,1.6921438892691459e-07,96Y
1454,1.0,5.69,5372.8249,1.54384363829949e-05,74Ga
1459,1.0,5.69,6220.8433,4.658148908662255e-08,78Zn
1460,1.0,5.69,6821.2382,1.1883032930260856e-07,97Y
1463,1.0,5.23,20.7799,14.329,241Pu
1464,1.0,5.69,4038.7874,4.2398661495170736e-06,129Sn
1467,1.0,5.69,10960.0,1.7745329175856211e-09,109Zr
1474,1.0,5.69,10344.7078,3.89763480112556e-08,47Ar
1479,1.0,5.69,14135.0,6.407331355996653e-09,132In
1480,1.0,5.69,6489.9492,6.115800948107587e-09,122Pd
1485,1.0,5.69,2137.0282,1.799883387836844e-06,148Ce
1486,1.0,5.69,7415.2411,9.221233553882424e-08,105Nb
1490,1.0,5.69,5688.0,3.0737445179608077e-07,215Tl
1492,1.0,5.69,6632.6837,5.507389662078231e-07,47K
1498,1.0,5.69,12939.0,2.5350470251223157e-09,142Sb
1506,1.0,5.69,10320.0,1.109083073491013e-09,128Pd
1508,1.0,15.8,1397.4983,0.00021800136892539357,177Yb
1513,1.0,5.69,6894.747,3.2480290009379673e-06,50Sc
1515,1.0,5.69,8265.8835,2.2942175577356957e-08,139Te
1519,1.0,5.69,9245.6277,7.700205338809035e-09,61Cr
1521,1.0,5.69,18359.0,1.1090830734910132e-10,32Ne
1528,1.0,5.69,9562.2229,7.022080259588815e-09,86Ge
1530,1.0,41.4,570.2993,0.07385352498288844,233Pa
1536,1.0,5.69,4775.693,8.587471797601845e-07,166Tb
1541,1.0,5.69,6666.8252,6.4643699140619054e-09,116Ru
1545,1.0,5.69,2607.2327,2.560397495373539e-06,109Rh
1548,1.0,51.8,3997.6263,0.0015999315537303218,72Ga
1551,1.0,1247.2,4642.0776,4.2683854285496996e-06,28Al
1552,1.0,5.69,22099.0584,4.404644206150024e-10,23N
1554,1.0,5.69,2975.8745,3.865946713311531e-06,230Ac
1557,1.0,36.2,2699.3714,0.0011008441706593657,91Sr
1565,1.0,5.69,7610.0,3.1371206935888658e-09,158Ce
1568,1.0,5.69,3714.5406,8.302279007275584e-07,161Eu
1570,1.0,5.69,20643.7926,3.916647653813978e-10,14B
1572,1.0,5.69,17236.0,1.1344335437422363e-09,43P
1579,1.0,5.69,7534.7807,1.3689253935660505e-08,97Sr
1582,1.0,5.69,2057.0,0.00621492128678987,247Pu
1586,1.0,5.69,2007.4091,4.620123203285421e-05,223Rn
1590,1.0,186.0,4196.5868,3.384287778538292e-05,45K
1598,1.0,5.69,7030.0,9.823307222348974e-09,162Nd
1599,1.0,5.69,7887.0,3.1371206935888658e-09,118Ru
1600,1.0,5.69,8920.0,1.837909093213679e-09,114Mo
1604,1.0,43.4,2703.4642,0.0012789185489390828,77Ge
1606,1.0,107.0,2866.0,0.0009924709103353866,184Ta
1608,1.0,5.69,17128.6431,3.4856896595431845e-09,52K
1611,1.0,145.0,4656.251,6.0384820138413565e-05,84Br
1614,1.0,86.0,1705.0525,5.8559586280325496e-05,199Pt
1615,1.0,74.0,2914.7839,2.688417370142216e-05,138Xe
1616,1.0,5.69,12737.0,1.6160924785154764e-09,122Rh
1620,1.0,5.69,13369.3979,6.400993738433847e-10,12B
1621,1.0,5.69,14969.0,3.5902603493294796e-09,80Cu
1625,1.0,5.69,6590.0,2.3766065860521712e-08,169Gd
1635,1.0,5.69,2453.6351,3.2955611326590106e-06,231Ra
1640,1.0,5.69,10250.5576,2.9121352701092607e-09,65Mn
1647,1.0,5.69,8261.0,2.6934874641924605e-09,148Xe
1650,1.0,5.69,4533.5134,1.6731310365807285e-07,102Tc
1656,1.0,68.0,3642.5294,0.00040383299110198495,92Y
1659,1.0,5.69,9613.3678,1.2485106598727406e-08,67Fe
1661,1.0,5.69,12194.2869,1.780870535148427e-08,44Cl
1662,1.0,5.69,6831.764,4.848277435546429e-08,88Se
1664,1.0,5.69,1012.0557,2.1484523537911628e-05,102Mo
1665,1.0,5.69,9095.2839,2.170634015260983e-08,116Rh
1668,1.0,5.69,4375.8085,1.1772124622911754e-06,23Ne
1673,1.0,3.55,2058.8368,2.065,134Cs
1677,1.0,5.69,9685.0,5.735543894339239e-09,158Pr
1678,1.0,5.69,2311.375,4.372956118335995e-06,221At
1684,1.0,5.69,13807.0,4.753213172104343e-10,61Ti
1686,1.0,5.69,6280.0423,5.482039191827008e-08,141Xe
1687,1.0,5.69,9506.2662,1.6762998453621314e-08,122Ag
1688,1.0,5.69,8298.6116,6.30592947499176e-08,41S
1690,1.0,5.69,5940.5911,3.6758181864273574e-08,65Co
1693,1.0,5.69,15639.4478,1.0647197505513727e-09,62V
1694,1.0,5.69,9635.0,1.9456485917813772e-09,70Fe
1696,1.0,5.69,6883.9455,2.6427865236900145e-06,136I
1702,1.0,5.69,13460.255,2.915304078890663e-09,33Mg
1708,1.0,5.69,10090.0,1.1883032930260855e-09,110Zr
1709,1.0,27.0,5687.2319,4.2075442999467634e-05,44K
1710,1.0,5.69,15220.0,1.2865363652495753e-09,130Ag
1714,1.0,5.69,3862.6653,5.703855806525211e-06,164Tb
1722,1.0,40.5,496.8425,0.01819110198494182,177Lu
1724,1.0,5.69,14720.0,9.189545466068395e-10,87Ga
1732,1.0,5.69,4154.4548,6.65449844094608e-08,54Ti
1733,1.0,5.69,6461.5416,1.3182244530636044e-07,164Eu
1734,1.0,5.69,7814.9194,1.5939108170456562e-08,36Si
1736,1.0,5.69,9750.5077,5.0891069029330495e-08,74Cu
1744,1.0,211.0,4082.3946,9.981747661419118e-05,134I
1745,1.0,5.69,5116.0,1.625598904859685e-07,169Tb
1758,1.0,65.0,251.9958,0.00622861054072553,66Ni
1759,1.0,5.69,5119.9455,5.586609881613303e-07,136Te
1760,1.0,5.69,1093.0,0.00010571146094760057,251Bk
1761,1.0,5.69,5998.0,9.823307222348974e-07,212Tl
1764,1.0,195.0,3419.5081,8.726899383983572e-05,158Eu
1766,1.0,5.69,3339.4064,1.964661444469795e-06,235Ac
1768,1.0,6.35,1815.4592,0.3141409993155373,182Ta
1772,1.0,5.69,6951.8716,7.795269602251122e-09,128Cd
1773,1.0,5.69,6090.6528,7.573452987552918e-07,95Sr
1778,1.0,189.5,2097.4851,5.3996501635105324e-05,178Lu
1783,1.0,6.7,2120.4209,0.0019398813597992241,188Re
1787,1.0,5.69,12424.5003,4.468020381778082e-09,37Si
1790,1.0,5.69,10420.9094,2.2593606611402638e-07,16N
1794,1.0,5.69,22192.0,4.7532131721043425e-11,35Na
1797,1.0,5.69,7465.5526,1.742844829771592e-07,87Se
1798,1.0,5.69,9351.96,7.573452987552919e-09,103Y
1803,1.0,5.69,4778.0,4.49970846959211e-08,152Ce
1808,1.0,5.69,3707.7131,3.764544832306639e-06,232Ac
1813,1.0,61.0,2190.9095,0.00011768955814130351,240Np
1815,1.0,5.69,16290.8166,1.4354703779755113e-10,14Be
1816,1.0,5.69,11940.3857,2.1642963976981772e-07,48K
1817,1.0,33.0,566.6347,0.0040315993611681495,105Rh
1818,1.0,5.69,3648.2494,2.766370066164727e-07,106Mo
1823,1.0,5.69,11719.3136,9.823307222348974e-09,83Ga
1824,1.0,5.69,5866.3591,2.0692321342560903e-08,98Sr
1827,1.0,5.69,1342.5322,7.605141075366948e-06,232Ra
1839,1.0,5.69,18180.0,6.337617562805789e-10,41Si
1840,1.0,5.69,7998.3286,2.0407128552234644e-08,31Al
1847,1.0,95.77,2822.8058,5.2714,60Co
1851,1.0,5.69,1947.0425,1.4259639516313027e-05,231Ac
1859,1.0,5.69,1203.0,3.194159251654118e-05,242U
1860,1.0,5.69,11245.7673,4.8165893477324e-09,93Br
1862,1.0,5.69,5382.9879,3.938829315283798e-07,34P
1867,1.0,5.69,12721.0,1.2675235125611579e-09,99Kr
1878,1.0,5.69,7856.0,6.812938880016224e-09,161Nd
1888,1.0,5.69,4760.7564,4.277891854893908e-07,121Cd
1889,1.0,52.0,3671.0321,0.03381245722108145,126Sb
1892,1.0,5.69,13806.0653,9.886683397977032e-10,40Si
1896,1.0,5.69,3567.4325,1.837909093213679e-06,183Lu
1900,1.0,5.69,7967.3036,2.5508910690293303e-08,65Fe
1902,1.0,5.69,5119.5577,1.5210282150733894e-07,161Sm
1904,1.0,119.4,1036.1061,0.11605749486652978,181Hf
1912,1.0,5.69,13550.0,1.9329733566557657e-09,133Cd
1914,1.0,5.69,8059.3109,9.728242958906887e-09,157Pr
1915,1.0,5.69,8595.0,2.4875148934012723e-09,108Zr
1921,1.0,5.69,8568.8459,1.1471087788678479e-07,30Al
1925,1.0,5.69,2681.6854,5.41866301619895e-06,69Cu
1926,1.0,5.69,4194.0,2.7568636398205184e-07,198Ir
1928,1.0,5.69,4063.0674,3.675818186427358e-07,165Gd
1929,1.0,5.69,10413.0962,1.774532917585621e-07,36P
1935,1.0,5.69,6414.3615,2.829746241792785e-08,147Ba
1938,1.0,5.69,8532.7512,3.105432605774837e-08,104Nb
1941,1.0,5.69,1636.0,3.156133546277283e-06,216Pb
1947,1.0,5.69,4628.4637,2.249854234796055e-07,101Nb
1949,1.0,5.69,7680.0,4.404644206150024e-09,152Ba
1952,1.0,79.5,702.7199,0.0010666210358202144,127Te
1958,1.0,5.69,9058.08,1.6319365224224907e-08,135Sn
1965,1.0,55.8,1582.203,0.01054072553045859,127Sb
1966,1.0,5.69,20551.0898,2.7727076837275327e-10,11Li
1967,1.0,5.69,5335.5046,1.2757624153928052e-07,147La
1968,1.0,25.2,2123.7545,0.0007015742642026009,228Ac
1969,1.0,5.69,6161.8335,1.0425380890815523e-06,85Se
1973,1.0,5.69,8010.226,2.3766065860521712e-08,16C
1974,1.0,272.4,1295.1669,0.0009399954369153548,173Tm
1976,1.0,5.69,16065.0,9.506426344208685e-10,132Ag
1977,1.0,5.69,6196.5938,3.2638730448449813e-08,115Rh
1978,1.0,124.6,2666.1038,0.0019106776180698151,97Zr
1983,1.0,5.69,5176.6042,5.989048596851471e-06,89Kr
1985,1.0,5.69,5518.5456,6.717874616574137e-08,111Ru
1986,1.0,38.98,518.5338,0.018485968514715945,237U
1991,1.0,5.69,6978.8242,9.024767409435444e-08,79Ga
1993,1.0,5.69,4162.3582,7.2591071564377515e-06,137Xe
1994,1.0,5.69,8339.0,1.9963495322838237e-08,162Pm
2000,1.0,5.69,3648.2396,1.452581945395087e-05,105Tc
2001,1.0,5.69,7738.5736,1.6382741399852965e-07,108Tc
2006,1.0,5.69,9226.9772,1.1968590767358733e-08,95Rb
2011,1.0,77.2,260.091,0.445201916495551,45Ca
2013,1.0,5.69,7355.4298,4.626460820848226e-09,146Xe
2021,1.0,5.69,4424.6664,1.5844043907014474e-07,118In
2022,1.0,5.69,7780.0712,5.862296245595356e-08,114Rh
2028,1.0,5.69,11561.224,6.052424772479529e-09,58V
2030,1.0,5.69,10980.0,1.7111567419575631e-09,111Nb
2031,1.0,5.69,2470.1402,1.0951403148528404e-05,51Ti
2033,1.0,5.69,2756.0638,3.815245772809085e-07,110Ru
2036,1.0,5.69,7705.1329,3.013537151114153e-08,84Ge
2037,1.0,5.69,3200.0,1.6794686541435342e-06,171Ho
2039,1.0,5.69,5730.5011,7.25657210941263e-08,101Zr
2041,1.0,5.69,3008.4937,4.372956118335995e-06,187Ta
2043,1.0,3.55,268.6983,0.00133,135Cs
2047,1.0,5.69,4415.0129,2.5667351129363448e-06,211Tl
2050,1.0,5.69,7585.2453,2.9469921667046923e-08,134Sn
2055,1.0,21.94,1564.8804,0.1218343600273785,59Fe
2056,1.0,5.69,9101.727,6.8446269678302524e-09,56V
2059,1.0,5.69,8879.2856,2.6617993763784317e-08,73Ni
2060,1.0,5.69,2281.3849,1.713058027226405e-05,79As
2062,1.0,5.69,3694.1465,3.770882449869445e-07,229Rn
2070,1.0,5.69,6368.5921,4.753213172104342e-08,122In
2075,1.0,5.69,3835.5363,3.602935584455091e-07,159Sm
2078,1.0,121.5,402.5306,0.003083504449007529,121Sn
2082,1.0,5.69,8663.7335,3.8564402869673234e-08,81Ga
2085,1.0,5.69,12528.0,1.901285268841737e-09,128Ag
2086,1.0,5.69,7755.7081,1.80622100539965e-08,129In
2089,1.0,5.69,13440.0,9.506426344208685e-10,80Ni
2092,1.0,5.69,6918.0432,3.168808781402895e-07,51Ca
2095,1.0,5.69,19084.2343,3.225847339468147e-10,15B
2104,1.0,5.69,2504.9813,4.69617461403909e-06,227Fr
2105,1.0,5.69,11320.9428,1.4227951428498998e-09,34Mg
2107,1.0,1.5,687.0,10.728,85Kr
2113,1.0,5.69,1660.854,0.005019393109742185,202Pt
2115,1.0,5.69,8483.8977,4.0782569016655255e-08,93Kr
2116,1.0,5.69,8370.0,5.291910664942834e-09,151Ba
2117,1.0,5.69,10663.8784,3.786726493776459e-09,8He
2120,1.0,57.7,492.1062,0.12761122518822723,203Hg
2130,1.0,5.69,4280.0,3.802570537683474e-06,182Lu
2132,1.0,5.69,7992.3346,1.983674297158212e-07,138I
2133,1.0,5.69,4822.8898,6.33761756280579e-08,64Fe
2135,1.0,5.69,12415.0,2.978680254518721e-09,146I
2139,1.0,5.69,2558.9318,5.7228686592136274e-06,145Ce
2140,1.0,5.69,10354.092,2.915304078890663e-09,62Mn
2145,1.0,5.69,6578.0,3.168808781402895e-08,177Ho
2146,1.0,5.69,6637.5463,3.644130098613329e-07,39S
2147,1.0,5.69,10003.0,1.0140188100489263e-09,116Mo
2149,1.0,128.4,2137.8808,0.0002871891398585444,65Ni
2151,1.0,5.69,4823.5559,8.872664587928105e-08,113Rh
2154,1.0,5.69,3813.6349,4.2810606636753105e-07,20O
2155,1.0,5.69,6401.7829,4.753213172104342e-08,100Nb
2172,1.0,5.69,13551.6204,1.625598904859685e-09,100Rb
2173,1.0,5.69,10363.0,2.8424214769183967e-09,145I
2175,1.0,5.69,11980.5117,2.8139021978857705e-09,64Mn
2177,1.0,5.69,12380.0,1.235835424747129e-09,105Sr
2181,1.0,5.69,10505.3137,3.01036834233275e-09,59V
2183,1.0,5.69,6215.9238,1.9329733566557656e-07,63Fe
2190,1.0,70.0,378.0,230000.0,126Sn
2194,1.0,5.69,6585.4546,3.32724922047304e-08,161Pm
2199,1.0,5.69,5306.8315,4.531396557406139e-08,164Sm
2203,1.0,5.69,7465.9434,1.8505843283392905e-07,93Rb
2204,1.0,5.69,6093.3367,2.915304078890663e-08,104Zr
2207,1.0,5.69,5610.0,4.531396557406139e-08,173Dy
2208,1.0,5.69,4631.0,9.60149060765077e-08,168Gd
2209,1.0,139.0,1268.4219,0.0001123089208304814,128Sn
2211,1.0,5.69,9929.555,1.3150556442822013e-08,48Ar
2214,1.0,5.69,2990.1656,2.2181661469820262e-07,199Ir
2222,1.0,1.91,2275.635,0.007306639288158795,90Y
2223,1.0,5.69,9911.0,7.890333865693207e-09,137Sn
2225,1.0,5.69,5199.0,6.33761756280579e-07,184Lu
2227,1.0,5.69,5489.0622,1.7111567419575632e-08,114Ru
2228,1.0,5.69,9240.2095,8.28643496336857e-09,131In
2230,1.0,5.69,5163.8307,1.964661444469795e-08,148Ba
2232,1.0,129.5,1323.8504,0.00018811316449920146,61Co
2233,1.0,5.69,10162.0,2.5350470251223157e-09,113Mo
2236,1.0,5.69,11252.0,1.5812355819200444e-09,129Ag
2239,1.0,5.69,3634.7623,4.7532131721043423e-07,99Nb
2240,1.0,5.69,18729.5899,1.536872258980404e-09,42P
2241,1.0,5.69,7635.0,9.918371485791061e-09,155Ce
2246,1.0,5.69,7052.5063,7.890333865693208e-08,137Te
2248,1.0,5.69,3020.0,2.2181661469820262e-07,200Os
2251,1.0,5.69,5379.4422,1.9614926356883918e-07,150Pr
2254,1.0,5.69,3417.0,3.01036834233275e-06,177Tm
2257,1.0,5.69,8791.0,7.434025401171191e-09,76Ni
2261,1.0,5.69,4369.4525,1.56539153801303e-07,149Ce
2263,1.0,5.69,3106.2907,1.5907420082642533e-06,229Fr
2264,1.0,5.69,2411.2959,1.4259639516313025e-06,164Gd
2267,1.0,24.4,890.9756,0.005624001825233858,172Er
2268,1.0,5.69,2016.4615,0.0006125941136208077,113Ag
2277,1.0,5.69,10527.1716,8.555783709787816e-09,91Se
2281,1.0,5.69,3870.0,5.2475473420031935e-06,170Ho
2283,1.0,5.69,8495.7679,3.1497959287144777e-08,144Cs
2284,1.0,5.69,1533.2393,1.7301695946459806e-05,222Po
2288,1.0,5.69,18386.5096,2.8519279032626053e-09,36Al
2290,1.0,5.69,8272.6693,2.5350470251223157e-09,96Kr
2295,1.0,5.69,5319.1425,1.3657565847846474e-07,145Ba
2301,1.0,5.69,11024.2629,7.646335589525186e-09,79Cu
2302,1.0,69.3,1112.9469,0.0015503080082135523,109Pd
2308,1.0,5.69,13690.0,9.506426344208685e-10,124Rh
2313,1.0,5.69,3976.4763,7.116510761274621e-06,52V
2315,1.0,5.69,8954.1372,2.5984232007503735e-07,52Sc
2316,1.0,50.2,318.6462,0.7799753593429158,144Ce
2317,1.0,163.0,3441.9774,0.00010685223210890562,39Cl
2319,1.0,20.9,3525.2626,0.0014094227697923796,42K
2322,1.0,5.69,13926.0,1.631936522422491e-09,72Co
2324,1.0,5.69,20314.0,5.862296245595356e-10,44P
2327,1.0,5.69,2427.4736,9.126169290440336e-06,237Th
2329,1.0,5.69,19169.0,2.4082946738662e-10,39Al
2331,1.0,5.69,17169.8816,2.6934874641924605e-09,21N
2337,1.0,5.69,9531.0,3.558572261515451e-09,149Cs
2346,1.0,5.69,782.347,1.932339594899485e-05,1n
2349,1.0,5.69,10061.5295,5.358455649352295e-09,97Rb
2350,1.0,92.0,3228.716,0.00023956194387405886,127Sn
2351,1.0,5.69,5761.8901,1.356250158440439e-07,153Pr
2352,1.0,5.69,9590.0,3.580753922985271e-09,153Ba
2353,1.0,5.69,8070.0,2.4082946738662e-08,172Tb
2354,1.0,321.4,909.9134,0.00010723248916267396,69Zn
2355,1.0,5.69,12484.3497,1.9012852688417368e-08,82Ga
2357,1.0,5.69,8109.639,1.08373260323979e-07,21O
2366,1.0,5.69,11336.1072,3.073744517960808e-09,23O
2367,1.0,5.69,4105.9329,7.763581514437092e-07,73Zn
2370,1.0,51.5,1071.4936,0.006055213324207164,149Pm
2374,1.0,21.5,274.0882,0.06600136892539356,234Th
2378,1.0,16.5,1461.8214,0.003768993839835729,143Ce
2389,1.0,5.69,6399.0606,1.2294978071843232e-08,144Xe
2394,1.0,5.69,17970.3261,4.309579942707937e-09,20N
2395,1.0,5.69,20010.0,3.1688087814028947e-10,54K
2398,1.0,5.69,4013.6198,4.449007529089664e-06,133Sb
2401,1.0,5.69,4493.0596,5.323598752756864e-07,108Rh
2402,1.0,178.1,895.8929,0.00023385808806753364,245Am
2411,1.0,5.69,11821.2318,6.33761756280579e-09,68Co
2412,1.0,5.69,14028.8125,3.2004968692169236e-09,41P
2419,1.0,5.69,6630.0,7.383324460668745e-09,156Ce
2421,1.0,5.69,13317.4543,2.021700002535047e-09,66Mn
2422,1.0,5.69,9413.0,5.767231982153269e-09,143I
2424,1.0,5.69,1104.805,2.16746520647958e-05,152Nd
2425,1.0,190.8,1364.7614,0.001731690622861054,157Eu
2426,1.0,5.69,19469.0523,4.0877633280097345e-10,32Na
2429,1.0,5.69,4719.9687,2.788551727634548e-07,40S
2432,1.0,5.69,5906.901,1.8442467107764847e-06,91Rb
2433,1.0,5.69,12053.2361,3.644130098613329e-09,98Rb
2439,1.0,5.69,2602.2183,6.648794585139554e-06,55Cr
2442,1.0,5.69,6240.0,3.89763480112556e-08,171Tb
2443,1.0,5.69,7361.0,1.869597181027708e-07,216Tl
2445,1.0,14.9,349.0,0.19101984941820668,188W
2449,1.0,5.69,3964.7175,1.6034172433898645e-07,156Nd
2458,1.0,5.69,6241.6189,2.851927903262605e-07,81Ge
2460,1.0,5.69,11513.0,5.0352371536492e-09,77Ni
2474,1.0,5.69,2695.7375,2.7061626993180722e-06,57Mn
2475,1.0,23.0,1168.5917,0.0010426648414328086,135Xe
2483,1.0,30.0,381.0486,0.0089,182Hf
2486,1.0,5.69,4565.5836,1.0209901893680127e-05,43Ar
2487,1.0,5.69,9171.3131,2.5857479656247622e-08,128In
2492,1.0,109.7,1126.3312,0.1753100616016427,95Zr
2498,1.0,3.43,427.36,0.014366598220396988,133Xe
2501,1.0,257.6,1588.0317,3.5078713210130045e-05,81Se
2503,1.0,5.69,3661.3385,8.524095621973786e-07,63Co
2505,1.0,5.69,15748.0,3.9610109767536186e-10,42Si
2506,1.0,5.69,11660.0,4.106776180698151e-09,120Rh
2507,1.0,5.69,8457.2728,2.1231018835399396e-08,105Zr
2508,1.0,5.69,3436.3252,2.946992166704692e-06,113Pd
2511,1.0,128.0,2894.8723,0.001161305042208533,93Y
2512,1.0,5.69,8200.0834,6.654498440946079e-09,90Se
2513,1.0,5.69,9138.8323,3.4223134839151262e-09,123Pd
2516,1.0,5.69,15863.5156,3.5807539229852715e-10,35Mg
2520,1.0,420.0,4916.7109,7.078485055897786e-05,38Cl
2526,1.0,5.69,2781.4807,1.5267320708799146e-05,157Sm
2533,1.0,5.69,5544.8861,4.8165893477324e-07,80As
2539,1.0,5.69,6588.3675,1.410119907724288e-06,70Cu
2543,1.0,5.69,2110.0,3.961010976753619e-06,198Os
2544,1.0,48.4,1881.9024,0.007255304585900069,172Tm
2548,1.0,5.69,4546.9906,5.513727279641037e-06,207Hg
2551,1.0,5.69,6817.8455,1.7643927294851318e-06,87Br
2554,1.0,5.69,9590.9082,2.1547899713539682e-07,42Cl
2557,1.0,5.69,9520.0,2.7885517276345475e-09,147Xe
2561,1.0,72.4,442.7892,0.0053045859000684465,72Zn
2565,1.0,26.0,1492.449,0.0008574036048368697,171Er
2569,1.0,57.1,1598.1889,0.0005544147843942505,73Ga
2570,1.0,5.69,27356.4961,9.252921641696452e-11,19B
2571,1.0,5.69,10094.1624,1.0013435749233148e-07,84As
2574,1.0,5.69,3435.9426,2.9336831698228e-06,53V
2581,1.0,18.6,2361.4366,0.026376454483230664,125Sn
2583,1.0,5.69,1770.3754,1.6097548609526704e-06,120Cd
2587,1.0,5.69,9281.873,1.3625877760032447e-08,89Se
2588,1.0,5.69,9056.2674,4.8165893477324e-09,113Tc
2590,1.0,5.69,7064.2177,2.1547899713539684e-08,125Cd
2591,1.0,5.69,2528.0,1.7396760209901892e-06,170Dy
2593,1.0,5.69,14720.0,5.386974928384921e-10,114Nb
2594,1.0,5.69,20640.0,2.8519279032626055e-10,38Al
2602,1.0,5.69,8125.2037,8.530433239536593e-09,99Sr
2604,1.0,5.69,13816.8529,1.1566152052120566e-08,51K
2608,1.0,5.69,8504.0,5.545415367455066e-09,157Ce
2610,1.0,67.21,452.3142,0.008594113620807666,199Au
2612,1.0,5.69,7527.1313,1.3340684969706187e-08,117Rh
2620,1.0,122.3,4496.6278,2.912769031865541e-05,89Rb
2621,1.0,24.9,766.7,2.7576,125Sb
2625,1.0,57.0,722.7849,0.00645037645448323,239Np
2631,1.0,5.69,14906.9991,1.1724592491190711e-09,102Rb
2632,1.0,5.69,8270.643,1.3308996881892159e-08,141I
2636,1.0,52.0,640.9158,0.001437371663244353,200Pt
2637,1.0,5.69,10525.0,5.386974928384921e-09,160Pr
2638,1.0,5.69,7037.1118,1.5780667731386415e-06,54V
2640,1.0,164.0,5067.2728,7.510076811924861e-05,130Sb
2643,1.0,5.69,13292.3538,1.3689253935660506e-09,29Na
2644,1.0,5.69,3200.0,1.2358354247471289e-06,169Dy
2646,1.0,5.69,4188.9614,5.095444520495855e-06,154Pm
2648,1.0,5.69,6391.5934,1.1312647349608333e-07,152Pr
2651,1.0,5.69,4380.5376,3.346262073161457e-07,157Pm
2652,1.0,5.69,677.9196,0.00017681953000228153,230Ra
2657,1.0,5.69,8123.9327,1.0076811924861206e-08,115Ru
2662,1.0,62.0,2010.0,0.00011613050422085329,183Hf
2664,1.0,5.69,3947.0,2.0280376200978526e-06,210Hg
2667,1.0,5.69,4814.772,2.439982761680229e-07,163Eu
2669,1.0,5.69,3852.9638,1.536872258980404e-06,226Fr
2670,1.0,78.4,1806.014,0.0006826374629249373,145Pr
2673,1.0,5.69,12551.0,7.478388724110832e-09,49Ar
2677,1.0,5.69,3977.6759,1.1369685907673587e-05,61Fe
2678,1.0,5.69,11095.646,1.9709990620326006e-09,97Kr
2681,1.0,5.69,11397.3767,1.7111567419575631e-09,99Rb
2683,1.0,5.69,9729.8721,3.6029355844550915e-09,101Sr
2684,1.0,5.69,9731.3868,3.6124420107993e-09,95Kr
2685,1.0,5.69,7000.0,3.042056430146779e-08,170Tb
2687,1.0,5.69,10708.7611,4.087763328009734e-09,63Cr
2689,1.0,5.69,3762.5123,1.9012852688417367e-07,70Ni
2696,1.0,5.69,9068.8037,9.538114432022713e-09,27Na
2703,1.0,5.69,7472.6365,1.6192612872968792e-08,143Xe
2706,1.0,5.69,6605.9659,1.330899688189216e-07,73Cu
2710,1.0,5.69,13522.0,3.263873044844982e-09,135In
2711,1.0,48.63,167.3218,0.2392060232717317,35S
2713,1.0,5.69,9593.2084,5.703855806525211e-09,69Co
2714,1.0,125.0,722.109,0.0010723248916267396,156Sm
2717,1.0,5.69,10740.0,3.802570537683474e-09,139Sn
2721,1.0,5.69,7488.4677,6.05242477247953e-07,82As
2722,1.0,5.69,6899.1276,2.535047025122316e-08,113Ru
2724,1.0,93.0,355.7386,0.04057494866529774,225Ra
2725,1.0,13.0,2193.9105,0.0007643166780743782,234Pa
2727,1.0,5.69,8678.843,1.322343904479428e-07,17N
2729,1.0,5.69,12128.0,1.4798337009151519e-09,67Mn
2730,1.0,5.69,6916.2501,9.696554871092859e-07,76Ga
2733,1.0,5.69,2936.9,0.00032378888128374784,38S
2734,1.0,5.69,3362.0331,7.319948285040687e-07,121In
2735,1.0,5.69,6671.0057,2.4621644231500493e-08,121Ag
2738,1.0,5.69,3633.0,6.971379319086368e-07,203Pt
2740,1.0,0.66,2.4667,41600000000.0,187Re
2742,1.0,57.6,895.1896,0.030061601642710472,147Nd
2745,1.0,5.69,21750.3873,7.922021953507237e-11,29F
2750,1.0,5.69,9013.3301,2.1864780591679975e-09,102Sr
2754,1.0,152.7,4998.3984,5.804623925773823e-06,208Tl
2756,1.0,5.69,3430.1913,1.7872081527112325e-06,147Ce
2758,1.0,5.69,3717.0,1.0140188100489263e-06,205Au
2760,1.0,140.0,3434.9108,2.6998250817552662e-05,143La
2761,1.0,5.69,14031.6303,1.0488757066443581e-09,28Na
2773,1.0,187.0,3991.1283,0.0003570613734884782,112Ag
2774,1.0,5.69,3855.705,1.0552133242071638e-06,81As
2775,1.0,5.69,15160.0,9.91837148579106e-10,74Co
2778,1.0,5.69,5370.0,9.759931046720916e-08,120In
2780,1.0,5.69,1369.7517,8.650847973229903e-06,108Ru
2783,1.0,5.69,2180.722,1.235835424747129e-05,195Os
2785,1.0,5.69,4108.9014,6.014399067102694e-07,79Ge
2790,1.0,5.69,16004.1329,2.657679924962608e-08,8Li
2791,1.0,5.69,7746.0,5.957360509037442e-09,68Fe
2792,1.0,5.69,4758.0,6.210865211549674e-07,188Ta
2796,1.0,5.69,3038.2698,1.5844043907014473e-06,223At
2807,1.0,17.425,66.9768,101.2,63Ni
2808,1.0,5.69,6589.9874,1.0773949856769841e-07,112Rh
2816,1.0,5.69,6589.681,3.441326336603544e-08,127In
2817,1.0,104.0,4452.0031,1.9583238269069892e-05,95Y
2819,1.0,181.4,1177.2301,0.00015738839455471898,75Ge
2824,1.0,5.69,4260.7958,1.0900702208025958e-06,109Ru
2825,1.0,5.69,5352.0,5.9573605090374416e-08,175Ho
2827,1.0,5.69,11977.0,5.386974928384921e-09,140Sb
2828,1.0,5.69,4165.4444,6.0207366846655e-08,118Pd
2829,1.0,5.69,10426.6792,7.446700636296803e-09,142I
2831,1.0,5.69,3026.0244,9.506426344208685e-07,233Ra
2833,1.0,5.69,4228.2364,1.4259639516313025e-06,234Ac
2834,1.0,5.69,1047.6178,2.5648338276675032e-05,146Ce
2835,1.0,5.69,7304.8989,8.11215048039141e-08,71Ni
2837,1.0,36.7,2443.0767,2.3651988744391206e-05,151Nd
2840,1.0,5.69,16036.3062,7.351636372854716e-09,46Cl
2841,1.0,93.2,1627.1314,4.217050726290972e-05,155Sm
2845,1.0,69.0,2001.5652,0.00010871549167237052,49Sc
2849,1.0,5.69,5649.0,1.679468654143534e-07,190Ta
2863,1.0,33.0,1337.1034,0.0036139630390143737,232Pa
2864,1.0,5.69,5084.1233,1.4576520394453314e-07,114Ag
2867,1.0,5.69,17091.9853,9.506426344208685e-10,53K
2869,1.0,5.69,13710.0,9.506426344208685e-10,118Tc
2871,1.0,37.0,3454.0,0.0003077800593201004,150Pm
2873,1.0,73.0,1009.7971,0.0003536390600045631,167Ho
2878,1.0,5.69,11129.0,3.263873044844982e-09,141Sb
2882,1.0,5.69,7215.0114,6.717874616574137e-09,94Kr
2883,1.0,5.69,4965.7951,8.555783709787816e-06,236Ac
2894,1.0,5.69,12855.0,1.80622100539965e-09,116Tc
2896,1.0,5.69,13379.3679,3.0198747686769587e-09,85Ga
2898,1.0,5.69,6145.7062,1.5210282150733894e-07,158Pm
2906,1.0,5.69,16381.0765,3.6124420107993e-10,37Al
2908,1.0,5.69,3951.0,1.9012852688417367e-07,195Re
2913,1.0,5.69,5553.65,1.622430096078282e-08,126Cd
2916,1.0,21.8,2890.6633,7.78259436712551e-07,110Ag
2924,1.0,5.69,1214.1824,5.703855806525211e-05,190W
2930,1.0,5.69,8899.0,1.4259639516313027e-09,120Ru
2931,1.0,5.69,1965.334,3.232184957030953e-06,52Ti
2933,1.0,5.69,12288.0534,5.957360509037443e-10,28Ne
2935,1.0,5.69,8088.6967,3.878621948437143e-08,75Cu
2936,1.0,5.69,3505.2147,2.5569751818896237e-08,6He
2944,1.0,5.69,696.484,0.00020343752376606586,224Rn
2947,1.0,5.69,3434.0,4.3539432656475775e-06,244Np
2950,1.0,51.0,2057.898,2.6998250817552662e-05,222Fr
2951,1.0,5.69,1700.0,0.0008669860825918321,256Es
2954,1.0,5.69,11429.0,1.2041473369331e-09,127Pd
2965,1.0,489.0,5322.0404,2.9279793140162748e-06,62Co
2967,1.0,5.69,14167.7504,1.2092174309833445e-09,35Al
2968,1.0,5.69,7238.4816,2.915304078890663e-08,119Pd
2969,1.0,5.69,5802.9994,3.6441300986133285e-08,157Nd
2977,1.0,5.69,11688.5069,3.9926990645676474e-08,49K
2979,1.0,5.69,1036.8,0.02035044490075291,111Ag
2985,1.0,5.69,9925.3249,2.8519279032626053e-08,106Nb
2986,1.0,5.69,4859.3866,1.0457068978629552e-06,218Bi
2988,1.0,5.69,12657.0,8.714224148857961e-10,65Cr
2990,1.0,5.69,10930.0,1.9329733566557657e-09,88Ge
3003,1.0,5.69,1360.0,2.6427865236900142e-05,241Np
3005,1.0,5.69,2922.7819,6.331279945242984e-06,224Fr
3006,1.0,5.69,4091.652,4.201840444140239e-06,216Bi
3012,1.0,5.69,2679.2869,9.347985905138539e-07,80Ge
3013,1.0,5.69,8038.4581,5.285573047380028e-08,135Sb
3014,1.0,5.69,3453.6462,1.9171293127487511e-07,150Ce
3017,1.0,5.69,3251.1999,1.3150556442822013e-06,155Pm
3020,1.0,5.69,4363.9419,0.0010323979009810632,128Sb
3028,1.0,5.69,10309.0,2.471670849494258e-09,115Tc
3030,1.0,5.69,5642.6746,2.661799376378432e-07,46Ar
3031,1.0,5.69,11509.4607,4.360280883210383e-07,11Be
3036,1.0,5.69,13434.0,8.555783709787816e-09,88As
3040,1.0,130.0,583.4758,0.08899383983572896,141Ce
3045,1.0,76.4,248.5079,0.06940451745379878,33P
3046,1.0,5.69,12440.0,1.0869014120211928e-09,71Fe
3047,1.0,5.69,4100.179,5.5454153674550656e-08,112Ru
3050,1.0,5.69,12568.7005,9.791619134534946e-10,27Ne
3051,1.0,5.69,7006.0,4.21451567926585e-08,167Eu
3053,1.0,5.69,11731.0,9.03110502699825e-10,59Ti
3054,1.0,5.69,4716.8328,1.774532917585621e-06,131Sn
3058,1.0,5.69,4448.6112,1.3499125408776332e-06,160Eu
3061,1.0,5.69,1915.0,6.084112860293558e-06,174Er
3062,1.0,5.69,3586.3111,4.33493041295916e-06,238Pa
3068,1.0,244.0,5374.7776,6.369305650619819e-05,138Cs
3072,1.0,5.69,1158.3989,6.635485588257661e-05,196Os
3073,1.0,221.93,719.9769,0.002269164955509925,197Pt
3075,1.0,5.69,9224.4929,6.407331355996652e-08,85As
3076,1.0,5.69,16557.4995,1.4639896570081375e-09,19C
3077,1.0,17.9,391.4727,0.0029112480036504675,231Th
3079,1.0,5.69,12693.768,1.0479250640099373e-08,78Cu
3080,1.0,5.69,10311.6397,6.0207366846655e-08,80Ga
3082,1.0,5.69,11910.0,6.971379319086369e-10,119Tc
3084,1.0,52.8,1194.0947,37010000000.0,176Lu
3089,1.0,5.69,11610.0,7.54176489973889e-10,66Cr
3092,1.0,5.69,12640.0,6.0207366846655e-10,123Ru
3094,1.0,5.69,2170.0,2.2054909118564147e-05,189W
3095,1.0,38.0,2452.4891,0.04158795345653662,156Eu
3096,1.0,5.69,5502.2116,1.0615509417699698e-07,110Rh
3100,1.0,5.69,14977.0,1.0678885593327756e-09,68Mn
3104,1.0,5.69,7219.0,3.105432605774837e-08,165Sm
3106,1.0,5.69,11274.7373,3.168808781402895e-09,44S
3108,1.0,90.5,1408.2079,0.35373032169746743,123Sn
3109,1.0,5.69,7760.65,1.1090830734910133e-08,111Tc
3110,1.0,5.69,10501.5182,8.936040763556164e-09,118Rh
3111,1.0,5.69,4354.9052,6.812938880016224e-08,146Ba
3113,1.0,5.69,2183.3883,4.943341698988516e-06,186Hf
3117,1.0,5.69,12757.4969,1.0076811924861206e-09,101Rb
3119,1.0,5.69,7720.0,7.288260197226657e-08,154Pr
3123,1.0,5.69,14805.4501,2.28787994017289e-10,30Ne
3128,1.0,5.69,7453.0,5.672167718711182e-09,106Zr
3129,1.0,5.69,4716.838,6.369305650619818e-08,102Zr
3135,1.0,5.69,11050.0,5.386974928384921e-10,72Fe
3139,1.0,5.69,2904.8622,5.513727279641037e-06,85Br
3140,1.0,142.4,4508.9455,0.00017320708799148222,142La
3149,1.0,5.69,4987.4088,7.54176489973889e-07,213Tl
3151,1.0,5.69,18817.24,2.5984232007503733e-10,33Na
3159,1.0,71.4,1451.8768,0.006098562628336756,115Cd
3163,1.0,51.1,237.2633,0.0026200000000000004,60Fe
3164,1.0,5.69,5901.7231,3.2321849570309526e-07,75Zn
3170,1.0,116.6,1427.3,0.0011419119324663472,244Am
3175,1.0,307.0,1993.5,9.39234922807818e-05,185Ta
3177,1.0,81.4,3762.1676,0.004596052931781885,140La
3179,1.0,5.69,2153.4702,7.072781200091262e-06,130Sn
3180,1.0,5.69,3124.8105,5.703855806525211e-06,190Re
3181,1.0,5.69,11247.0,1.4418079955383172e-09,115Mo
3185,1.0,53.0,3101.893,3.802570537683474e-05,115Ag
3190,1.0,5.69,5653.4982,4.721525084290313e-08,159Pm
3193,1.0,5.69,3108.2375,2.2568256141151415e-05,44Ar
3194,1.0,54.1,1916.7271,0.0005063883185033082,105Ru
3195,1.0,5.69,4028.3686,5.989048596851471e-07,167Tb
3198,1.0,5.69,2125.7592,1.901285268841737e-06,203Au
3199,1.0,5.69,8993.0098,1.7365072122087865e-08,98Y
3203,1.0,5.69,7341.894,6.242553299363703e-09,26Ne
3204,1.0,5.69,5331.1799,1.9012852688417367e-07,119Ag
3209,1.0,5.69,6482.6122,3.9293228889395894e-07,51Sc
3212,1.0,5.69,11036.3053,2.5350470251223157e-09,71Co
3213,1.0,5.69,10092.0,2.820239815448576e-09,127Ag
3215,1.0,10.6,593.7166,0.01902258726899384,161Tb
3217,1.0,69.7,2228.3252,0.002207392197125257,194Ir
3219,1.0,5.69,4343.8905,8.555783709787816e-08,162Sm
3220,1.0,38.7,2231.7057,4.753213172104342e-05,131Te
3221,1.0,5.69,5173.533,3.5015337034501986e-08,108Mo
3222,1.0,5.69,8157.9729,1.6129236697340734e-07,78Ga
3226,1.0,5.69,7595.4023,4.1194514158237636e-08,29Mg
3229,1.0,5.69,10282.9297,8.562121327350621e-08,94Rb
3230,1.0,5.69,3834.9684,1.872765989809111e-06,25Na
3234,1.0,5.69,4809.0,1.267523512561158e-08,189Hf
3237,1.0,5.69,4128.0,1.9012852688417367e-07,199Os
3240,1.0,5.69,4234.2623,4.5947727330341974e-07,143Ba
3242,1.0,5.69,11239.0,1.330899688189216e-09,123Rh
3245,1.0,5.69,7219.674,4.3729561183359946e-08,103Zr
3248,1.0,5.69,8821.1703,9.062793114812279e-09,107Nb
3250,1.0,5.69,4120.0,3.5173777473572135e-06,176Tm
3251,1.0,211.0,2181.6932,2.015362384972241e-05,142Ba
3252,1.0,5.69,13980.0,4.0877633280097345e-10,73Fe
3253,1.0,25.0,1277.7559,0.0011978097193702942,245Pu
3267,1.0,5.69,4955.5157,1.1502775876492507e-06,105Mo
3268,1.0,5.69,5671.2117,4.246203767079879e-07,83As
3270,1.0,7.5,96.5468,1.92,171Tm
3274,1.0,5.69,5056.5023,1.2573833244606687e-06,139Xe
3275,1.0,47.2,2548.2241,0.035619438740588635,136Cs
3278,1.0,5.69,3088.728,1.2580170862169493e-06,132Sn
3279,1.0,5.69,13436.9387,5.437675868887367e-10,13B
3281,1.0,5.69,10955.8885,2.4526579968058407e-09,24O
3283,1.0,5.69,12050.0,1.0615509417699698e-09,107Y
3289,1.0,5.69,8420.9047,1.0425380890815524e-08,67Co
3292,1.0,82.0,976.9222,0.00027081907369381705,83Br
3293,1.0,98.1,353.491,0.025713894592744695,169Er
3296,1.0,5.69,12881.0,1.5844043907014473e-10,74Fe
3297,1.0,87.5,3276.2204,4.4680203817780814e-07,116In
3298,1.0,5.69,5284.9078,3.89763480112556e-08,142Xe
3300,1.0,5.69,11650.0,1.3625877760032448e-09,112Zr
3304,1.0,164.0,3229.6099,4.37865997414252e-05,131Sb
3305,1.0,152.4,4820.3029,8.387836844373462e-07,19O
3315,1.0,49.0,2501.2141,0.0004471822952315765,141La
3319,1.0,5.69,9704.0,4.616954394504017e-09,107Zr
3325,1.0,5.69,14320.0,2.218166146982026e-09,137In
3327,1.0,32.4,123.6,0.8958247775496235,249Bk
3328,1.0,23.0,1291.4491,0.005746748802190281,238Np
3332,1.0,76.2,3093.1185,0.00402486881131645,82Br
3333,1.0,5.69,4304.0,2.249854234796055e-07,173Ho
3335,1.0,5.69,3185.0,2.946992166704692e-06,197Os
3337,1.0,5.69,6421.3477,8.175526656019468e-09,150Ba
3341,1.0,5.69,4872.6133,4.3539432656475775e-06,148Pr
3351,1.0,137.0,1833.4783,0.002543919689710244,43K
3353,1.0,5.69,5985.1877,2.0724009430374932e-07,55V
3360,1.0,5.69,5640.0,2.28787994017289e-08,154Ce
3366,1.0,5.69,10633.9614,4.8102517301695944e-09,148Cs
3368,1.0,88.5,1941.9038,0.00013708266788348922,97Nb
3370,1.0,5.69,7338.5338,2.2973863665170987e-08,160Pm
3371,1.0,5.69,6972.9398,4.702512231601896e-08,99Y
3374,1.0,5.69,10808.2192,1.5590539204502244e-08,87As
3376,1.0,19.6,2163.6885,0.002181154460415241,142Pr
3378,1.0,5.69,15737.0689,5.070094050244632e-10,20C
3379,1.0,5.69,4999.0,7.922021953507237e-07,172Ho
3381,1.0,5.69,5758.0284,1.3625877760032448e-07,117Pd
3382,1.0,3.07,2905.073,0.1648186173853525,124Sb
3383,1.0,5.69,10259.0,3.802570537683474e-09,143Te
3386,1.0,266.2,2640.9396,9.734580576469694e-06,66Cu
3389,1.0,5.69,8305.8535,4.8165893477324e-08,120Ag
3390,1.0,5.69,10388.0361,8.936040763556164e-09,39P
3394,1.0,5.69,2992.3278,8.99941693918422e-07,202Au
3397,1.0,5.69,7725.6802,3.0515628564909874e-06,46K
3401,1.0,5.69,2301.6217,1.44497680431972e-05,162Tb
3402,1.0,118.0,1792.6575,0.004200000000000001,98Tc
3403,1.0,5.69,1440.4642,4.601110350597004e-06,114Pd
3404,1.0,177.0,3969.7809,4.110578751235835e-06,209Tl
3406,1.0,5.69,9038.0654,2.8519279032626053e-08,110Tc
3407,1.0,5.69,12498.0,3.3589373082870684e-09,50Ar
3410,1.0,5.69,5271.0196,2.5667351129363448e-08,158Nd
3411,1.0,220.0,954.9114,0.00016731310365807284,78Ge
3413,1.0,5.69,7830.0,2.7885517276345475e-09,124Pd
3414,1.0,5.69,4212.8293,1.76249144421629e-05,139Cs
3416,1.0,5.69,6547.0,1.1280959261794305e-06,106Tc
3429,1.0,5.69,3638.0,2.7568636398205184e-07,219Bi
3431,1.0,5.69,3901.0,6.654498440946078e-07,201Ir
3435,1.0,5.69,15787.0,3.2004968692169236e-09,47Cl
3439,1.0,5.69,16440.0,6.305929474991761e-10,70Mn
3441,1.0,5.69,5515.6774,0.001706137348847821,24Na
3442,1.0,136.0,1044.1542,0.03491690622861054,140Ba
3443,1.0,315.1,934.1107,0.037152635181382614,143Pr
3444,1.0,5.69,6450.0,3.3937942048825e-08,149La
3446,1.0,40.9,188.8936,0.01614,129I
3447,1.0,5.69,2125.1534,8.974066468932998e-06,169Ho
3450,1.0,5.69,8954.0,4.246203767079879e-09,159Pr
3451,1.0,5.69,7178.373,2.2466854260146524e-08,61Mn
3452,1.0,5.69,7850.3002,9.91837148579106e-08,43Cl
3454,1.0,5.69,3203.3894,6.400993738433847e-07,227Rn
3455,1.0,5.69,9349.0622,1.3625877760032448e-09,64Cr
3464,1.0,5.69,11535.0,1.6477805663295053e-09,126Ag
3466,1.0,5.69,2368.0076,1.1787968666818768e-05,167Dy
3468,1.0,5.69,10743.0,2.202322103075012e-09,119Ru
3469,1.0,5.69,5030.0,1.3625877760032448e-06,200Ir
3471,1.0,5.69,660.7415,0.00014069510989428853,178Yb
3474,1.0,5.69,6771.0748,2.715669125662281e-07,91Kr
3477,1.0,5.69,8850.0,7.763581514437092e-09,153La
3481,1.0,5.69,11046.0,1.055213324207164e-08,138Sb
3484,1.0,5.69,11946.1243,2.661799376378432e-09,132Cd
3488,1.0,30.4,970.7242,0.0021080310289755873,159Gd
3489,1.0,5.69,1226.6542,1.4069510989428854e-05,226Rn
3491,1.0,5.69,2711.6378,3.739194362055416e-07,116Pd
3492,1.0,37.8,313.5873,0.0410403832991102,191Os
3493,1.0,5.69,9969.4851,3.3874565873196946e-09,109Nb
3496,1.0,5.69,5860.0,1.3308996881892159e-08,170Gd
3497,1.0,5.69,6755.0,1.4893401272593605e-06,206Au
3498,1.0,5.69,6014.8503,6.65449844094608e-08,123Cd
3500,1.0,5.69,3835.7607,2.2181661469820262e-07,58Cr
3501,1.0,5.69,5139.629,1.4544832306639285e-07,59Mn
3502,1.0,296.0,1101.5601,0.00026123659593885466,195Ir
3505,1.0,5.69,12536.5161,9.950059573605089e-09,92Br
3506,1.0,5.69,12688.9049,1.6097548609526707e-08,70Co
3510,1.0,1.6286,297.5156,211100.0,99Tc
3524,1.0,5.69,8094.9212,1.419626334068497e-07,92Rb
3526,1.0,5.69,5035.0,1.9963495322838236e-07,209Hg
3528,1.0,5.69,12959.0,2.376606586052171e-09,106Y
3534,1.0,5.69,2414.0,4.6898369964762845e-07,218Pb
3537,1.0,5.69,23356.7903,1.7428448297715922e-10,34Na
3539,1.0,5.69,7900.4135,7.319948285040687e-08,37P
3547,1.0,5.69,3649.5889,2.138945927446954e-06,103Mo
3557,1.0,5.69,4444.027,1.2041473369331e-06,228Fr
