,Isotope,Residuals (W/g),Power density (W/g),Half life (years),Half life (log(years))
0,217At,0.9777766712120759,1441277446.8785045,1.0330316627373438e-09,-20.69076799603243
1,230Pa,-9798827.679239314,3.268756259045823,0.047638603696098555,-3.0441118444103257
2,175Tm,-2123.053035948973,15079.652925093127,2.88995360863944e-05,-10.451685015348625
3,83Rb,-394736966.1458682,0.08114259682363971,0.23600273785078713,-1.4439118729611615
4,167Yb,-554.7902204972414,57629.626062770636,3.327249220473039e-05,-10.310779562271387
5,234Th,-21713723.246335067,1.475103128933757,0.06600136892539356,-2.7180797958769674
6,205Bi,-549903.7488379017,58.246419301291894,0.04082135523613963,-3.1985499218541618
7,143Pr,-509659.86952545756,62.84567737446371,0.037152635181382614,-3.2927205767840313
8,244Pu,-60630065.44049996,0.5282854606138414,0.0813,-2.509609262428372
9,77Rb,-29.131614271882775,1063002.5423659282,7.186858316221765e-06,-11.843256433569358
10,34Cl,0.9698630456060623,1062814183.4744937,4.837820366567799e-08,-16.844216462142196
11,161Tb,-8733608.139712052,3.667439435885845,0.01902258726899384,-3.96212820225195
12,56Mn,-6765.488776036143,4733.619405390361,0.00029419347478895733,-8.131272929550189
13,37Ar,-45044627.833657466,0.7110721834304125,0.095854893908282,-2.344919752804519
14,87Rb,-inf,0.0,49700000000.0,24.629270770048993
15,249Cm,-14123.495479102448,2267.6903839850424,0.00012196744999619743,-9.01175635213921
16,154Eu,-1159310590.3244035,0.02762847403685352,8.592,2.150831537766509
17,139Ba,-2390.8180227530643,13391.479732949421,0.00015767358734504526,-8.754983564737742
18,142Pm,-7.292388146765563,3862576.3784458325,1.2833675564681724e-06,-13.566023031310463
19,55Co,-35169.59953180221,910.7033432181806,0.0019997718457677393,-6.2147221820456116
20,105Ru,-29708.068593066084,1078.121398396053,0.0005063883185033082,-7.588206755126857
21,166Ho,-1871661.0926867365,17.113122449694522,0.0030586356376910793,-5.789786332483043
22,49Sc,-2332.9212579181058,13723.677466810548,0.00010871549167237052,-9.12677625630669
23,195Pb,-279.2805987631595,114278.27226695268,2.8519279032626055e-05,-10.464930242098646
24,41Ar,-877.239739511521,36470.65958825314,0.0002083998783177428,-8.476051831973223
25,191Pt,-7115256.774645619,4.501591311383369,0.007748117727583847,-4.860305338975663
26,141Ba,-999.6551432627678,32009.01208798357,3.4736481861738533e-05,-10.26772007281094
27,100Pd,-12569640.303059787,2.5482017986304686,0.009938398357289527,-4.611349402354049
28,32P,-54378.47460032324,589.0086804258011,0.039066392881587954,-3.2424926986823706
29,140Ba,-1086496.9858755795,29.480020205260086,0.03491690622861054,-3.354784147908943
30,180Ta,-27238.872399277883,1175.8492149709775,0.0009301848049281314,-6.980127276581693
31,149Tb,-532.3631436971125,60052.860710581735,0.0004697695642254164,-7.663268272373156
32,187Re,-inf,0.0,41600000000.0,24.45136600421363
33,193Pt,-41316786087.929955,0.0007752292854296174,50.0,3.912023005428146
34,70As,-927.2133629414967,34507.133656316066,0.00010000760514107536,-9.21026432345719
35,188Ir,-50760.391959064116,630.9910217282675,0.004734200319415925,-5.352942453742102
36,84Rb,-670060.2144595111,47.80157675952043,0.08985626283367557,-2.409543964968864
37,226Ra,-2375640702.879144,0.013482670954448734,1600.0,7.3777589082278725
38,94Tc,-12269.591937971036,2610.3045996896594,0.0005570765837706289,-7.492807834183788
39,126Cs,-25.192859355895596,1222851.699441949,3.1181078409004484e-06,-12.678284201364749
40,239U,-919.5149866132044,34795.720919706975,4.458513955433873e-05,-10.018109948308567
41,65Ga,-171.6280809167964,185543.29287851343,2.8772149973382002e-05,-10.456102653495966
42,147Pr,-1570.8240800462086,20377.587405111677,2.545820974979086e-05,-10.578472283497774
43,239Np,-817546.0416044308,39.17815238342688,0.00645037645448323,-5.043616784841468
44,182Ta,-272161194.36954296,0.11768754371092711,0.3141409993155373,-1.1579133514570839
45,146Sm,-121990.79920712808,262.5584898718445,0.068,-2.6882475738060303
46,158Tb,-4447353108.384802,0.007202032695523624,180.0,5.19295685089021
47,241Am,-592162029.0453992,0.05408989562475451,432.6,6.069813513518959
48,136Nd,-1388.2301923815007,23055.921727192774,9.630009886683397e-05,-9.248041212506163
49,165Dy,-23442.174836691578,1366.2817770940196,0.0002660278348163358,-8.231909612490508
50,209Pb,-11804.077269356967,2713.237859081411,0.00036903947068218115,-7.9046069530258904
51,194Ir,-185717.2234805113,172.4654801038472,0.002207392197125257,-6.1159434615029635
52,216At,0.9801920019752136,1617022706.5108056,9.506426344208685e-12,-25.37905308873103
53,65Ni,-4393.777156753027,7288.192650993327,0.0002871891398585444,-8.155369535368175
54,95Tc,-27938.29607164797,1146.413370417844,0.00219689710244125,-6.120709322160662
55,120I,-580.4821747664906,55083.343852222635,0.00015527796790630466,-8.770293705830671
56,92Sr,-5208.739721130293,6148.096505990438,0.0002978553502167465,-8.118902591261763
57,175Ta,-21119.904541130956,1516.5061948092723,0.0011978097193702942,-6.727260623815277
58,195Ir,-5201.344152400935,6156.836541046329,0.00026123659593885466,-8.250084063412606
59,183Ta,-585141.1144225759,54.738809234749105,0.013963039014373716,-4.271341510900529
60,128I,-1096.7741057277374,29177.207231871733,4.7513118868355e-05,-9.954504698353995
61,197Tl,-7171.151366358519,4465.882123854724,0.00032397900981063197,-8.03483182880564
62,125Cs,-928.0033234222766,34477.79116506097,8.432200167313103e-05,-9.380867734445268
63,131Sb,-1056.5027275511125,30288.32147863444,4.37865997414252e-05,-10.036182729368262
64,200Pt,-167109.1981512177,191.66982584519718,0.001437371663244353,-6.544939067021322
65,103Ru,-11077156.738654668,2.891534392869142,0.1074469541409993,-2.2307580030520318
66,149Eu,-253426161.1981582,0.12638782949114352,0.2548939082819986,-1.3669078663477876
67,72Ga,-67220.93761723072,476.48109697436195,0.0015999315537303218,-6.437794429569994
68,223Fr,-4683.8561745511815,6836.919082082471,4.182827591451821e-05,-10.08193798984254
69,238Np,-1797528.6804025793,17.818889404610548,0.005746748802190281,-5.159121009792313
70,222Ra,-0.15741300502212105,27673771.106441565,1.0647197505513727e-06,-13.752798938453797
71,133Ba,-11543660941.174223,0.0027746815098520974,10.5379,2.354978282275377
72,107Cd,-16912.355390116987,1893.7686720233357,0.0007415012548482775,-7.206833704077163
73,233Pa,-12564081.466240522,2.5493292218221613,0.07385352498288844,-2.6056715394866106
74,210Pb,-33875277811.09219,0.0009455267863812786,22.2,3.100092288878234
75,111Sn,-352.57414756369815,90589.15307384144,6.71153699901133e-05,-9.609097479261605
76,138La,inf,0.0,103000000000.0,25.357994825176046
77,103Pd,-60599918.42540549,0.5285482700353832,0.04651882272416153,-3.0678982585271872
78,68Ga,-750.9923318010516,42593.4962659629,0.00012898699520876112,-8.955798971019693
79,215At,0.9812423165636209,1707566005.431197,1.1724592491190712e-12,-27.471917650743006
80,183Hf,-10361.169376528775,3091.049896284417,0.00011613050422085329,-9.060795962850424
81,138Nd,-587840.4340700852,54.48745311270773,0.0005749486652977413,-7.461229798895477
82,169Lu,-48493.58754471029,660.4857201243082,0.003885466575404974,-5.550512205744212
83,75Ge,-1966.120186035847,16282.676983325477,0.00015738839455471898,-8.75679395688027
84,157Eu,-43071.31820597736,743.6326603882492,0.001731690622861054,-6.35865710901127
85,208Tl,-238.4548896021344,133762.0736407605,5.804623925773823e-06,-12.056855729448115
86,242Am,-2599.0675999381283,12318.903776718082,0.0018275154004106775,-6.304797939338541
87,141Ce,-2917692.4789855736,10.977843562820167,0.08899383983572896,-2.4191881269743765
88,115Sb,-643.9652409795,49661.56397507151,6.1031257129819754e-05,-9.704124413064886
89,245Bk,-9379970.915591791,3.414720519936065,0.013552361396303902,-4.3011944740502095
90,189Ir,-30009661.393111113,1.0673223229575095,0.036139630390143736,-3.3203652210384837
91,195Au,-414615970.1719903,0.07725216779723162,0.5092676249144421,-0.6747816149219495
92,143Ce,-987375.2836898736,32.439489489155754,0.003768993839835729,-5.580947199127838
93,119In,-30.886328329520044,1004505.1987672045,4.563084645220168e-06,-12.297511705846956
94,139Ce,-416673490.0108431,0.07687069916240932,0.3768432580424367,-0.9759259391474063
95,47V,-104.8826198578951,302504.6284233262,6.198189976424063e-05,-9.688668154828193
96,48Cr,-38787.81790120442,825.7529955715745,0.002459502623773671,-6.0077961349379585
97,81Kr,-52890698089963.555,6.055864120096969e-07,229000.0,12.341477282536376
98,207Po,-808.3351215085529,39575.673568816106,0.0006616472735569244,-7.320777963426381
99,238U,-inf,0.0,4463000000.0,22.219087022593545
100,98Nb,-0.670239362853869,19176881.642803922,9.062793114812278e-08,-16.216503380591195
101,69As,-186.84682657044053,170511.17211495704,2.88995360863944e-05,-10.451685015348625
102,109Cd,-1594348025.1667325,0.02008970566676647,1.2629705681040384,0.23346653993296604
103,68Ge,-1386689817.4356167,0.023098159480560005,0.742094455852156,-0.29827874492446166
104,80Br,-57668.50236998975,555.4059123157742,3.361472355312191e-05,-10.300546385991359
105,240Cm,-100815.06616246352,317.70712541938224,0.08323066392881587,-2.486139442218633
106,250Bk,-87076.08472398843,367.8348061160682,0.00036641569701117955,-7.9117420848942395
107,200Bi,-669.9277253379493,47739.840473081065,6.920678378583922e-05,-9.57841166855816
108,151Gd,-330133125.75705016,0.09702141342523389,0.33921971252566735,-1.081107261995712
109,220Fr,0.07230003048230695,34526230.06256335,8.682536061043931e-07,-13.956781992028931
110,83Br,-8285.383040220178,3865.375571118867,0.00027081907369381705,-8.214059584791277
111,145Gd,-432.7443409367743,73845.30368148316,4.372956118335995e-05,-10.037486227271705
112,225Ra,-2967299.783428168,10.794316085334433,0.04057494866529774,-3.2046044307628683
113,135Cs,-1528847.8384796917,20.950392066524632,0.00133,-6.622576336748475
114,57Co,-1913730452.2393491,0.01673693519485831,0.7441779603011636,-0.2954750787981811
115,149Gd,-24399181.20116583,1.3127482024811454,0.0254072553045859,-3.6727205038326995
116,242Cm,-546053.9983253024,58.65706325306024,0.4457221081451061,-0.808059597062369
117,211Bi,-3.1446129374971425,7728099.839388913,4.068750475321318e-06,-12.412174614167094
118,226Ac,-308884.8686560174,103.69520210155306,0.003350444900752909,-5.698662135768226
119,177Lu,-2403151.986031096,13.328316075911662,0.01819110198494182,-4.006822706377175
120,138Xe,-1515.0913255140622,21126.684149940927,2.688417370142216e-05,-10.523972782732429
121,181W,-285329029.4488292,0.11225630468123182,0.3311594798083504,-1.105155207529439
122,147Pm,-188137056.5143803,0.17024813186030707,2.6234,0.9644711863989084
123,157Ho,-387.19759840957755,82509.48153163698,2.3956194387405883e-05,-10.639283629243423
124,38Cl,-192.61808028979314,165428.6755072706,7.078485055897786e-05,-9.55586555531623
125,133Xe,-16838976.025295317,1.9021335160966062,0.014366598220396988,-4.242849334793402
126,191Os,-6268403.259203021,5.109750624261158,0.0410403832991102,-3.1931987385163025
127,247Cm,-24163.55068256054,1325.4946469875954,0.0156,-4.160484364726646
128,186Ta,-189.34449055539,168273.7571397171,1.996349532283824e-05,-10.821605186037377
129,79Rb,-291.9509761765851,109335.64036766965,4.3539432656475775e-05,-10.04184353264066
130,62Cu,-128.54195719276944,247255.66349856465,1.838923112023728e-05,-10.903745329888364
131,205Po,-234.64545811902093,135924.46394796603,0.00019849418206707733,-8.524750767752318
132,240Pu,-9479192193.78458,0.0033789777874719236,6561.0,8.788898309344878
133,44Ti,-212442934749.44247,0.00015076981773877468,59.1,4.079230924412053
134,182Os,-2045753.7700227618,15.656804542728,0.002491444216290212,-5.99489273010205
135,247Bk,-1888455394.5805418,0.016960941773967033,1380.0,7.22983877815125
136,14O,-13.784542525137772,2166450.704994161,2.237844449514538e-06,-13.009997454728438
137,150Tb,-6314.9705457442005,5071.268515997595,0.00039698836413415466,-7.8316035871923715
138,104Ag,-1666.9199067357042,19203.549551301232,0.0001315689406038482,-8.93597958057723
139,238Am,-2401.4016627026,13332.484352582587,0.00018632595634649022,-8.588012964530284
140,58Co,-453402080.4915314,0.07064366019483989,0.19396030116358656,-1.6401017740364232
141,193Au,-1622437.5623823083,19.741877023416414,0.0020134610997033994,-6.207900097599449
142,54Mn,-2582741939.233739,0.012401541972617516,0.8544312114989734,-0.15731928113095342
143,105Ag,-143518502.10367858,0.22317667676212868,0.11304585900068446,-2.17996171073281
144,88Kr,-22558.77512530525,1419.7828834150384,0.00032226785306867445,-8.04012751638035
145,151Pm,-321469.6783390541,99.63578246728189,0.0032397900981063197,-5.732246735811594
146,133Te,-1705.9684205072147,18764.25022970452,2.376606586052171e-05,-10.647251798892599
147,135I,-51051.52240272201,627.3927529757628,0.0007506274241387178,-7.194601135641529
148,91Y,-230702250.69854882,0.13883688754970336,0.16019164955509924,-1.8313843708306643
149,184Hf,-11414.426535119806,2805.850703699923,0.0004699977184576774,-7.662782717617319
150,107Rh,-1246.4596876468859,25676.1664475265,4.125789033386569e-05,-10.09566818265444
151,171Tm,-1323244156.605974,0.0242056482106504,1.92,0.6523251860396901
152,136Cs,-3102329.2009131825,10.32449175370115,0.035619438740588635,-3.334863758106395
153,56Ni,-37539371.87946832,0.8532370180886107,0.016632443531827516,-4.096400061404196
154,110Ag,-119.38670822383664,266059.12769910693,7.78259436712551e-07,-14.066205902144015
155,234Pa,-415867.4625735724,77.01950366321431,0.0007643166780743782,-7.176528354581834
156,113Sn,-378942792.1703979,0.08452458564654126,0.3150718685831622,-1.1549545119474618
157,14C,-48759490764.93974,0.0006568973490387716,5700.0,8.648221453822641
158,103Ag,-2247.2565191531135,14246.587212684284,0.0001249144421629021,-8.98788151771029
159,144Ce,-67630650.11701265,0.47360157040129136,0.7799753593429158,-0.24849295038349803
160,203Hg,-13571036.346526943,2.3601720162346496,0.12761122518822723,-2.0587669402461595
161,104Tc,-220.48572584920495,144614.20686951163,3.4793520419803785e-05,-10.26607938335348
162,144Pr,-535.5898311300338,59691.74352250989,3.285420944558522e-05,-10.323430679824945
163,172Ta,-551.0904129041108,58015.82825558671,6.996729789337592e-05,-9.56748259802597
164,84Br,-1056.6012348591717,30285.500357671113,6.0384820138413565e-05,-9.71477280682192
165,131Ba,-34030750.695688516,0.9412070254282942,0.03154004106776181,-3.4564973953630638
166,31Si,-4074.8118458954573,7858.552795771601,0.00029880599285116735,-8.115716048510595
167,132Te,-589241.7095229061,54.357876744085765,0.008772073921971253,-4.736182021424696
168,172Er,-1198363.2008203971,26.728086966108393,0.005624001825233858,-5.18071179993011
169,77Br,-99703.70203356708,321.2484659531385,0.006506958704083961,-5.034883104872714
170,47Ca,-565496.0899155857,56.6404021307643,0.01241889117043121,-4.388536484205358
171,125Xe,-39669.488445029834,807.4007614245295,0.0019244809491216063,-6.253098984420878
172,212Pb,-183658.14036214942,174.3990661909985,0.0012122975131188683,-6.715237948588197
173,254Fm,-401.53620957639805,79570.43817326873,0.0003696098562628337,-7.903062551174516
174,241Pu,-19958832335.14551,0.0016048024268775453,14.329,2.662285455734466
175,73Se,-6336.512780757709,5054.030450850003,0.0008156513803331052,-7.1115235242728385
176,178Re,-166.81828242610788,190861.10353145818,2.5096965548710926e-05,-10.59276361360853
177,51Cr,-248765039.3922484,0.12875596396529537,0.0758425735797399,-2.5790954872791136
178,226Th,-65.16167165310853,484116.88786427403,5.836945775344132e-05,-9.748717788607705
179,44Sc,-968.489979914049,33037.971758553234,0.00046111111111111103,-7.68187152207575
180,133I,-207675.5809399366,154.23011314821042,0.0023762263289984027,-6.0422416257058735
181,91Sr,-83649.18514596848,382.90390536145884,0.0011008441706593657,-6.81167796562786
182,211Pb,-15497.105930982885,2066.703035792808,6.875579892006995e-05,-9.58494947704639
183,243Am,-10420322372.750015,0.003073799292858608,7350.0,8.902455592206882
184,244Am,-72231.38735628486,443.42965460373256,0.0011419119324663472,-6.775051287651626
185,114In,-2899.3905905847255,11043.33419111788,2.2783735138286816e-06,-12.992048740695955
186,93Y,-25504.11597992828,1255.8257959621506,0.001161305042208533,-6.758210869856378
187,222Rn,-14077.669261436513,2275.0717402198843,0.010462696783025324,-4.559939034930007
188,99Tc,-387967334864745.25,8.255822743989921e-08,211100.0,12.260087233836412
189,153Sm,-965184.4504782825,33.18531434630179,0.005280013689253935,-5.2438265886055975
190,90Nb,-14392.484485446323,2225.311223907363,0.0016655258955053617,-6.397614352264464
191,185Os,-212402692.21868545,0.15079838250223343,0.2544832306639288,-1.3685203364633558
192,82Br,-130921.92530403919,244.64762380016145,0.00402486881131645,-5.515262962104541
193,81Rb,-5649.597655656291,5668.423860357216,0.0005215605749486653,-7.55868513504619
194,116Te,-4834.143253546053,6624.412328033973,0.0002840520191649555,-8.166353170502138
195,204Tl,-95593241.32230234,0.33506534350040734,3.783,1.330517345650892
196,63Zn,-407.05209749682734,78494.83625519137,7.314244429234162e-05,-9.523101726436652
197,203Po,-78.553128388986,402623.79651477473,6.977716936649174e-05,-9.57020368814033
198,178W,-50108774.40607386,0.6392090470583325,0.05913757700205339,-2.8278887359406895
199,193Os,-268638.55808468274,119.23032782276512,0.0034029203741729407,-5.683121282452097
200,167Ho,-24454.200657296056,1309.7411477196279,0.0003536390600045631,-7.947233769487654
201,188Pt,-22390340.013809744,1.4305267863867814,0.02781656399726215,-3.582123608480473
202,67Ge,-357.7884639130317,89272.60990298938,3.5934291581108825e-05,-10.233818521135259
203,49V,-3186210136.611144,0.01005268993345257,0.9034907597535934,-0.10148939617028299
204,218Rn,0.9778390226342906,1445332579.3365986,1.069472963723477e-09,-20.656099867086553
205,151Nd,-2941.958180530952,10883.60099320956,2.3651988744391206e-05,-10.652063355889823
206,210Po,-453379.9048882346,70.64695983246237,0.37885284052019164,-0.9706074328891866
207,88Y,-2160093.7949110246,14.828044885779999,0.29193429158110884,-1.231226530868461
208,131La,-2124.5470722503132,15069.053513216597,0.00011217583086166247,-9.095442999295136
209,176Lu,-inf,0.0,37010000000.0,24.334453983344474
210,244Cm,-23582449.299248774,1.3582126608000749,18.11,2.896464271895322
211,134Te,-2349.0208419397572,13629.65893960439,7.94737242375846e-05,-9.440084103670145
212,51Mn,-381.04197928145794,83838.90858497442,8.709787816563997e-05,-9.348478035302204
213,236Np,-23728482219236.09,1.3498511682590422e-06,153000.0,11.938193200374572
214,119Sb,-5312244.50092338,6.029462036540216,0.004356605065023956,-5.43606217974133
215,18F,-453.4596505163075,70479.26595950118,0.00020863563769107915,-8.474921187750361
216,167Tm,-23243919.599623334,1.3779939765028055,0.025325119780971937,-3.675958499106475
217,107Pd,-2260573.501839613,14.168956851690929,0.006500000000000001,-5.035953102080546
218,186Ir,-30934.142614086675,1035.3914632355654,0.0018982432124115902,-6.266826445585692
219,185Ir,-1335213.759846198,23.988637288798174,0.0016427104722792608,-6.411407674396799
220,179W,-60031.49767408511,533.5440605934939,7.044261921058634e-05,-9.56071209145876
221,170Lu,-66136.48485728951,484.29393173496743,0.005508555783709788,-5.201452798393316
222,246Pu,-11993898.556888383,2.670522829098819,0.029678302532511976,-3.517339054619309
223,52Fe,-4363.152523040051,7339.336195859748,0.0009439881359799224,-6.965396959715628
224,221Fr,-9.569888143877321,3030304.780959717,9.12807057570918e-06,-11.604156213652052
225,166Yb,-5724152.405867334,5.59558423849491,0.00646817248459959,-5.040861670245048
226,13N,-14.146677318126653,2114654.0527584404,1.8946307704007908e-05,-10.873901489536097
227,162Tm,-198.2982932926978,160713.78257896213,4.125789033386569e-05,-10.09566818265444
228,139Pr,-4219.860403278483,7588.496068650343,0.0005030800821355236,-7.59476119152
229,129Cs,-4157791.8797915843,7.70360224826902,0.0036573123431439657,-5.611026733797347
230,90Sr,-401681492.78758675,0.07973975166904156,28.91,3.364187556028255
231,135La,-2398632.43375271,13.353429551129219,0.0021571982660278347,-6.138944998308388
232,170Hf,-1559008.6819861582,20.545082526873305,0.0018263746292493726,-6.3054223539701315
233,147Tb,-1097.2298294614043,29165.09979728833,0.0001870864704540269,-8.583939639142647
234,28Al,-1.9040654018311327,11029359.929843405,4.2683854285496996e-06,-12.364274922006638
235,231Pa,-49574986477.16178,0.0006460913331450893,32650.0,10.393600134704577
236,152Eu,-2186802039.852797,0.014646951106069265,13.517,2.6039481525016908
237,235Pu,-33837.98655022488,946.5408347575941,4.810251730169595e-05,-9.942176047467381
238,175Hf,-169968102.6404692,0.18844701970831876,0.19342915811088296,-1.6428439415002725
239,39Ar,-1443962992.2637758,0.02218199677930786,268.0,5.5909869805108565
240,99Rh,-634177.5145397193,50.50625627049151,0.044079397672826835,-3.1217627786403916
241,203Bi,-26901.208062693382,1190.607941993352,0.0013415468856947297,-6.613931938508274
242,169Er,-1339026.9650113436,23.920323856954642,0.025713894592744695,-3.660723787545068
243,72As,-37859.42701687121,846.0016196417063,0.00296600501939311,-5.8205393429572725
244,74Br,-182.44255445683322,174604.97468234936,4.829264582858011e-05,-9.938231269176365
245,148Gd,-100221808.67702688,0.31959094183591225,71.3,4.26689632742025
246,17F,-2.0171356094533444,10616023.514569234,2.0397622125890433e-06,-13.102677319358431
247,86Rb,-570756.5376355711,56.11836982349408,0.05104722792607803,-2.9750040370000246
248,78Ge,-1792.222951411923,17861.68448902658,0.00016731310365807284,-8.69564362872265
249,88Nb,-221.31098206367827,144077.37431264765,2.7568636398205185e-05,-10.498831793774327
250,218At,0.9479710360873042,615618305.033845,4.056075240195705e-08,-17.02046492749143
251,137La,-67709622009075.305,4.730488351371977e-07,60000.0,11.002099841204238
252,151Tb,-53244.548691976706,601.5523055625207,0.002008783937942049,-6.210225746000114
253,235Np,-778915054.8820505,0.041121278031893166,1.0844626967830253,0.08108465399706209
254,89Sr,-1970491.3400603873,16.25481202102119,0.13843394934976044,-1.9773619671094467
255,72Zn,-159458.43503675214,200.86602319402695,0.0053045859000684465,-5.239183568385444
256,254Es,-911657.023134161,35.13376920237539,0.7548254620123203,-0.2812687326010579
257,155Tb,-32342595.537669025,0.990334296112866,0.01456536618754278,-4.229108747277256
258,62Zn,-7587.5040862329115,4220.8559437569975,0.0010487109285877252,-6.860193556097137
259,88Zr,-318001417.408952,0.10072276638500992,0.22833675564681727,-1.4769337412661077
260,100Rh,-22136.204327293373,1446.8847151177774,0.0023728040155144878,-6.043682894271482
261,66Ga,-13486.172662967618,2374.8478185162344,0.0010613734884782112,-6.848191465762391
262,74Kr,-97.45606610595077,325322.59152150864,2.1864780591679974e-05,-10.73063340783165
263,173Lu,-8528866026.3835535,0.003755479623339985,1.37,0.3148107398400336
264,94Ru,-128971.61195495886,248.3471652709234,9.848657692600197e-05,-9.225590293935419
265,82Sr,-102399132.94288062,0.31279544409466314,0.06940451745379878,-2.6678033205936167
266,28Mg,-30971.249018730243,1034.1510090930108,0.0023859228838694958,-6.038169276084592
267,237Am,-164.93221532335863,193030.5246282811,0.00013993459578675183,-8.874335417466025
268,241Cm,-111167.12794304496,288.12199295983305,0.08980150581793292,-2.4101535352407106
269,59Fe,-9903508.419098893,3.2342052923967404,0.1218343600273785,-2.105092861458614
270,60Co,-99827832.1677317,0.3208522268595039,5.2714,1.6622959819222791
271,202Tl,-27077566.810143147,1.182897326715905,0.03370294318959617,-3.3901701104344464
272,232Pa,-768002.1060928528,41.705537806414696,0.0036139630390143737,-5.622950314032529
273,184Ir,-653537.2593938075,49.010110909666246,0.00035249828884325804,-7.9504647900691
274,157Tb,-79077024274.62273,0.0004050478990669142,71.0,4.2626798770413155
275,209Po,-169489208.62779322,0.18897947896373202,124.0,4.820281565605037
276,90Y,-10407138.304437634,3.077693268018445,0.007306639288158795,-4.9189718526360116
277,145Pm,-18340231297.54909,0.0017464328583375768,17.7,2.8735646395797834
278,207Bi,-509911727.2119314,0.06281475948010798,31.22,3.441058915087286
279,177Re,-177.09087826560534,179851.89858422306,2.6617993763784316e-05,-10.533923113585598
280,43K,-24134.542508112132,1327.0877406561017,0.002543919689710244,-5.974049202512681
281,177Ta,-5566200.914260718,5.754369509042923,0.006429386265115218,-5.046876193948275
282,238Pu,-117765967.71778004,0.27197995218102144,87.7,4.473921899378137
283,77Kr,-1574.0085651496004,20336.386280895236,0.0001380333105179101,-8.888015521370106
284,214Pb,-9245.618813203982,3463.967015798542,5.1448779374857396e-05,-9.874923820458214
285,112Ag,-6463.523970371687,4954.7318137269,0.0003570613734884782,-7.937602876426693
286,142Ba,-409.2037063559719,78083.11353677891,2.015362384972241e-05,-10.812126442082834
287,138Pr,-27.79272791254909,1112433.0655255786,2.7568636398205184e-06,-12.801416886768372
288,123Xe,-4570.236353697005,7006.853310198325,0.00023728040155144878,-8.346267987265527
289,77As,-231447.308115442,138.38935716316885,0.004425051334702258,-5.420473399526879
290,35S,-5204029.23123951,6.154841757879871,0.2392060232717317,-1.4304300763208055
291,222Fr,-3552.849072922816,9012.75825713618,2.6998250817552662e-05,-10.51973847859364
292,194Tl,-396.8333079788366,80511.06313678678,6.274241387177732e-05,-9.676472881734375
293,124Sb,-201230361.83378756,0.15917072416645706,0.1648186173853525,-1.8029096983160335
294,97Zr,-44961.1954923576,712.3758576701254,0.0019106776180698151,-6.260297325982421
295,201Pb,-24128.58358427285,1327.4154717480042,0.0010643394934976044,-6.845400866119502
296,117Cd,-30601.148199659227,1046.6579786368538,0.0002855350216746521,-8.161145868529116
297,137Cs,-713636757.055388,0.04488275330923971,30.04,3.402529826895934
298,228Th,-2565650.481532498,12.484151805637994,1.9125,0.6484112867185539
299,44K,-2072.169764685188,15449.763508134429,4.2075442999467634e-05,-10.076046289137897
300,171Er,-170457.0576508519,187.9053593477366,0.0008574036048368697,-7.061601799427535
301,159Gd,-333277.0469024056,96.10588778438024,0.0021080310289755873,-6.162000928783466
302,76Br,-29078.08726022565,1101.4782647738293,0.0018480492813141682,-6.293624638740416
303,86Zr,-58952.45684044571,543.3096597420486,0.0018822724161533196,-6.27527550007222
304,86Y,-6703.302697016208,4777.526317666911,0.0016814966917636323,-6.388070994217564
305,102Rh,-731116028.4722146,0.04380971184490259,0.5667351129363449,-0.5678632573654399
306,155Ho,-1073.4675725091463,29810.097015587864,9.126169290440338e-05,-9.301779432292964
307,161Ho,-403540.15419152286,79.37228271245702,0.00028291124800365044,-8.170377320801864
308,81Se,-332.52061165254923,96035.99135266831,3.5078713210130045e-05,-10.25791607271432
309,71Zn,-222.10686109249357,143563.41360260625,4.563084645220168e-06,-12.297511705846956
310,246Bk,-3568220.5924054184,8.976455566765043,0.004928131416837783,-5.312795385728689
311,73As,-407666612.7931982,0.07856905984643223,0.21984941820670773,-1.514812429678093
312,71As,-79065.67173563821,405.1009341039549,0.007449235683321925,-4.899643844696369
313,189Re,-193132.84412460864,165.8434476969982,0.0027720739219712527,-5.888159530632252
314,82Rb,-29.067769639236975,1065259.677086368,2.390866225568484e-06,-12.943854820209099
315,94Y,-1426.3205965334719,22440.636430520208,3.555403452734048e-05,-10.244456919340314
316,63Ni,-11059924553.42856,0.0028960398759698344,101.2,4.617098756853365
317,197Hg,-5944437.064521797,5.388227150983782,0.007407027150353639,-4.905326114458359
318,202Pb,-41207451284710.54,7.772856586633989e-07,52500.0,10.868568448579715
319,94Nb,-397287990469.052,8.062155143706018e-05,20400.0,9.923290179832307
320,194Au,-48169.755572497226,664.9258911538933,0.004337211955281771,-5.440523543918471
321,145Pr,-38162.917654327626,839.2739672775322,0.0006826374629249373,-7.289546640306578
322,182Hf,-1632090.7930153385,19.62511098559037,0.0089,-4.721704002244043
323,207Tl,-358.59084664084054,89073.40905869174,9.069130732375084e-06,-11.610634138300606
324,130I,-117887.05068991364,271.69829672432394,0.0014099931553730322,-6.56417042894921
325,194Hg,-353272174679.58966,9.066658709001467e-05,447.0,6.102558594613569
326,236Pu,-3632200.5560761318,8.818338432194162,2.858,1.0501220795076758
327,75Se,-599566806.5808319,0.053421874212320156,0.3279397672826831,-1.1149253237944925
328,228Pa,-3027.6543171389485,10575.648199711784,0.0025096965548710927,-5.987593427620439
329,19Ne,0.6484780304951382,91118010.69423024,5.468381625979162e-07,-14.41911294192426
330,89Rb,-639.9693143484062,49971.16376649289,2.912769031865541e-05,-10.44382127888841
331,134Ce,-9221943.754106632,3.473235139728419,0.008651608487337441,-4.750010023031988
332,128Sn,-3125.48101574753,10244.739186091807,0.0001123089208304814,-9.094257261881712
333,223Ac,-3.576550239929391,6998717.570528637,3.9926990645676475e-06,-12.431043098471477
334,211At,-893.2639440937611,35817.14636729476,0.0008229523157654575,-7.102612298497407
335,97Nb,-4541.026977039769,7051.913768569493,0.00013708266788348922,-8.894926398909952
336,251Cm,-1907.8850758598305,16779.41903452381,3.194159251654118e-05,-10.351601556791643
337,219Fr,0.9786265107608101,1498584635.300039,7.129819758156513e-10,-21.06156497519472
338,240Am,-4081698.151130864,7.847217884180502,0.005795117499429614,-5.150739526394318
339,230Th,-118100656922.71439,0.00027120891872096155,75400.0,11.230562553996048
340,101Rh,-4911330556.939447,0.006521650741496759,4.07,1.4036429994545037
341,61Co,-2677.6040144709796,11957.714691518775,0.00018811316449920146,-8.578466837401292
342,76As,-78319.18387357559,408.96204519006784,0.002993292265571526,-5.811381405172507
343,38K,-41.0038060693508,762549.5300049108,1.4546733591908129e-05,-11.13814408495114
344,200Pb,-1905868.8599163948,16.805965218425214,0.0024526579968058406,-6.010582945845138
345,228Ac,-191874.11764728944,166.9314029319792,0.0007015742642026009,-7.262183799160328
346,109Pd,-73707.61238140397,434.5487120400752,0.0015503080082135523,-6.469301652815703
347,156Sm,-40451.86876633648,791.7851948056328,0.0010723248916267396,-6.837926191702796
348,185W,-11841483.179762559,2.7048959480312624,0.2056125941136208,-1.58176149186072
349,188Re,-1645372.8103659418,19.466690410902068,0.0019398813597992241,-6.245128462519596
350,141La,-38896.54609704234,823.4448131173026,0.0004471822952315765,-7.712544227176384
351,206Bi,-13354147.257389637,2.398504341815267,0.01709240246406571,-4.069121214551202
352,129Te,-9297.078267291683,3444.795973515764,0.00013232945471138488,-8.930215875860481
353,59Ni,-192645915165076.22,1.6626331851551405e-07,81000.0,11.302204433654575
354,184Ta,-51588.40778315401,620.8635445328669,0.0009924709103353866,-6.915312855318216
355,169Yb,-120002929.39469557,0.2669100035408845,0.0876495550992471,-2.434408743506303
356,56Co,-2001952.5167506065,15.999363775689385,0.21146064339493498,-1.5537163810505166
357,195Hg,-5246842.365002673,6.10461954901222,0.00121948437143509,-6.709327155941801
358,85Sr,-271522948.87153655,0.11796418163430276,0.17753867214236824,-1.7285668225725452
359,236U,-38565.8842614394,830.5048019815274,0.023420000000000003,-3.7541649208125656
360,227Th,-67154.77794158168,476.9505105642944,0.05117864476386037,-2.972432928400614
361,159Dy,-380021357.0299137,0.08428469058288161,0.39534565366187546,-0.9279948241720829
362,39Cl,-771.8747918768124,41442.65398903844,0.00010685223210890562,-9.14406368630121
363,198Au,-5950812.8384907255,5.382454139200805,0.007377522245037646,-4.909317435897554
364,142La,-5220.261643658377,6134.529307778262,0.00017320708799148222,-8.661022638934943
365,179Lu,-50682.366769967695,631.9624093239984,0.0005236139630390143,-7.554755856906301
366,182Re,-6771618.397539165,4.730032905901015,0.007323750855578372,-4.916632670282839
367,160Tb,-11262972.414886652,2.843830079025499,0.1979466119096509,-1.61975792146609
368,132I,-4315.799836240312,7419.844280872904,0.00026180698151950717,-8.247903037466246
369,19O,-2.2025532042884137,10001389.682991302,8.387836844373462e-07,-13.991312989183946
370,117Sb,-4643.501646480546,6896.3227951209865,0.00033880903490759757,-7.990073928164146
371,140La,-238941.6056767931,134.04885447647834,0.004596052931781885,-5.382557402138125
372,249Bk,-208104425.2727601,0.15391302890525696,0.8958247775496235,-0.1100104459022169
373,142Sm,-1223.9126148097082,26148.78987230997,0.0001378241691383375,-8.889531821888069
374,57Ni,-50339.052787145316,636.2723279618467,0.004061145334245951,-5.50629024312077
375,3H,-196346691.4388446,0.163129728205091,12.32,2.511223958105374
376,143La,-832.9196038875835,38408.957442999104,2.6998250817552662e-05,-10.51973847859364
377,248Cf,-639701585.8822025,0.05007019402958315,0.9130732375085557,-0.09093918527513051
378,180Re,-57.23767659233645,549987.3011900982,4.677161761350673e-06,-12.272819093256583
379,178Lu,-1532.4465539272164,20887.576743102538,5.3996501635105324e-05,-9.826591298033694
380,239Pu,-34778098166.67259,0.0009209811437571329,24110.0,10.090381971175217
381,253Cf,-62979.07273095879,508.5732865601463,0.04876112251882272,-3.020821953329239
382,88Rb,-624.0948283040158,51240.197688890556,3.3804852080006085e-05,-10.294906213115096
383,195Tl,-2124.519127384497,15069.251630783721,0.00013232945471138488,-8.930215875860481
384,85Kr,-18375972716.066444,0.00174303603217841,10.728,2.3728571459793772
385,116Sb,-219.9055600803385,144994.00814063833,3.0040307247699444e-05,-10.412970503167934
386,149Pm,-529556.5692763419,60.48442026873191,0.006055213324207164,-5.106835671514748
387,200Au,-10302.496196305545,3108.651856258812,9.202220701194007e-05,-9.29348062947827
388,237Pu,-86910144.26849097,0.3685413535738468,0.12495550992470911,-2.079797525636934
389,223Ra,-40967.08064303244,781.8277564837638,0.031307871321013,-3.4638857331472317
390,41Ca,-41484794599025.91,7.720887103588598e-07,99400.0,11.506907392644665
391,135Xe,-184993.63827690991,173.1400589494721,0.0010426648414328086,-6.8659754955126955
392,147Sm,inf,0.0,106600000000.0,25.392349348678156
393,60Cu,-343.9119821458763,92864.22111903949,4.506046087154916e-05,-10.00750539505977
394,246Cf,-4683.23207904936,6837.829987087129,0.004072553045859001,-5.503485192193161
395,48V,-218577.82006011417,146.53744844891128,0.04373305954825462,-3.1296509514893978
396,246Cm,-3397428440174.2417,9.427713106777168e-06,4706.0,8.456593569287309
397,53Mn,-10977134.57402582,2.9178816605298143,0.0037,-5.599422459331958
398,150Eu,-36933740444.29797,0.0008672282356241194,36.9,3.6082115510464816
399,45K,-246.57779137567474,129373.4078433495,3.384287778538292e-05,-10.293781985902816
400,187W,-720786.6767980403,44.43747251463393,0.002716062057951175,-5.9085722205219895
401,121Te,-62985855.48844813,0.5085265861622997,0.052867898699520875,-2.9399589541903857
402,173Tm,-18044.69963398136,1774.9371443757002,0.0009399954369153548,-6.969635537057374
403,172Hf,-2406537295.2994323,0.013309572482039752,1.87,0.6259384308664954
404,199Pb,-1948.5784900787814,16429.183405335218,0.00017111567419575633,-8.67317077287059
405,147Eu,-1211525.0709535077,26.437716318696378,0.06598220396988365,-2.7183702101341995
406,121Sn,-92822.75301571957,345.0623524258427,0.003083504449007529,-5.781688520690398
407,55Fe,-7511860116.096889,0.004263921595473244,2.7562,1.0138529194589074
408,122Sb,-9322390.776191724,3.4358116828342866,0.007457357973990418,-4.8985540864780885
409,220Rn,-1.051176709746907,15615418.420265231,1.7618576824600094e-06,-13.249141804166419
410,78As,-2556.311382013991,12524.866076877912,0.00017244657388394555,-8.665423086079764
411,209Tl,-146.10915060635259,217729.3692783903,4.110578751235835e-06,-12.401946723983839
412,214Bi,-43.904332434241674,713293.8146559882,3.7835576849950564e-05,-10.18226071147041
413,192Ir,-55591259.108714916,0.5761693927045236,0.2021081451060917,-1.5989523530289564
414,125I,-192602086.5619127,0.16630132612782622,0.16260643394934976,-1.8164225134670735
415,171Lu,-21660994.376043208,1.478693939061375,0.022579055441478438,-3.7907325527795908
416,62Co,-10.263741410460522,2843636.1781934164,2.9279793140162748e-06,-12.741198026775317
417,136Pr,-302.0652714626428,105686.74669327472,2.4906837021826753e-05,-10.60036821299375
418,206Hg,-479.82755891192875,66614.28194565627,1.581869343676325e-05,-11.054318188367738
419,240Np,-13996.92846917911,2288.194474427057,0.00011768955814130351,-9.047460263510304
420,45Ti,-3582.344232635963,8938.572600667781,0.00035135751768195303,-7.953706283993271
421,43Sc,-1673.7641049741885,19125.071095964493,0.0004438740588637919,-7.719969686976338
422,190Ir,-26923050.474600032,1.1896861916564534,0.03225188227241615,-3.4341788724073683
423,239Am,-5089428.466164456,6.293432847344097,0.0013575176819530003,-6.6020974808612705
424,72Se,-40364908.69791644,0.7935105718382102,0.022997946611909653,-3.772350344781541
425,245Am,-9723.759272856807,3293.653002393699,0.00023385808806753364,-8.360796087828438
426,131I,-1254340.346636934,25.53529999028471,0.0219709787816564,-3.818032842751559
427,237Np,-3500.9555506520583,9146.313285054708,0.002144,-6.145082035773582
428,15O,-1.3959326845427495,13368481.837257303,3.874375744670064e-06,-12.461126006286326
429,233U,-248593598787.4942,0.00012884449578181038,159190.0,11.977853736349182
430,232Th,-inf,0.0,14000000000.0,23.36232316656167
431,224Ac,-374.8904329900453,85210.9544843058,0.0003171343828428017,-8.056184953276208
432,42K,-85614.33825410443,374.115003570225,0.0014094227697923796,-6.564575041538181
433,32Si,-2207319237.885688,0.014510806569143114,157.0,5.056245805348308
434,228Ra,-12345297471.381636,0.002594508771123933,5.75,1.749199854809259
435,65Zn,-9205402.762827834,3.479476120935071,0.6678713210130047,-0.40365975721571673
436,66Ni,-191171.94309837365,167.544538769361,0.00622861054072553,-5.078601998227895
437,52Mn,-96318.53870048164,332.53878713223526,0.015307323750855579,-4.1794238885863
438,150Pm,-37717.06595474373,849.1947231608359,0.0003077800593201004,-8.08612512319319
439,11C,-32.35687770541525,960221.2431111629,3.86725226252947e-05,-10.160381219787093
440,60Fe,-92989.2396853768,344.44456412812843,0.0026200000000000004,-5.944580961209131
441,77Ge,-68587.53336101609,466.987424968112,0.0012789185489390828,-6.661740441807298
442,181Os,-3640.0085493310307,8797.00834058347,0.00019963495322838237,-8.519020093043332
443,61Cu,-5282.273598076996,6062.525815104292,0.0003813597992242756,-7.871767273540793
444,109In,-4414.9550887613095,7253.2401106427915,0.000474446725986767,-7.65336122021798
445,201Bi,-2427.3581822779024,13189.9745310864,0.0001958323826906989,-8.538251454971219
446,151Sm,-30930477333.042484,0.0010355476312780255,94.6,4.549657476057832
447,47Sc,-91354.27212842184,350.60902157426926,0.009169609856262834,-4.691860539282669
448,255Fm,-2694.9763241606056,11880.661669598489,0.0022895277207392196,-6.079409718170508
449,172Lu,-168618.49696776038,189.9542054897564,0.01834360027378508,-3.9984745242338886
450,137Ce,-1079129.4296716892,29.68128939366963,0.001026694045174538,-6.881411303642535
451,126Sb,-2476554.018721373,12.933281245301698,0.03381245722108145,-3.3869259875568227
452,210Tl,-31.832265309315805,975564.1980485797,2.471670849494258e-06,-12.910616178733363
453,252Fm,-3263.2610332562112,9812.32268200337,0.002896417978553502,-5.844280485262168
454,96Nb,-131010.77650539468,244.4817056219437,0.0026637006616472736,-5.928038896863848
455,74As,-737302.9635200488,43.44203227073775,0.04865160848733744,-3.023070408464249
456,161Er,-886645.1132002978,36.124877896312384,0.0003661875427789185,-7.91236494383683
457,130Cs,-331.7423936462317,96260.60035696808,5.5536542702867134e-05,-9.798469326801206
458,149Nd,-17073.708453260293,1875.8728832342026,0.00019712525667351128,-8.53167121059689
459,179Ta,-1593455182.193177,0.020100962307370306,1.82,0.598836501088704
460,30P,-9.806192729147002,2964039.5446777483,4.753213172104342e-06,-12.2566897113267
461,134La,-72.22085515142089,437443.4375337846,1.2263289984029203e-05,-11.308900312393174
462,204Bi,-17157.185463271864,1866.7464951444003,0.0012799452429842575,-6.660937980884204
463,159Ho,-1486.9887204875374,21525.68909669307,6.28374781352194e-05,-9.67495887690316
464,127Te,-51504.67861317978,621.8728388602242,0.0010666210358202144,-6.843259537678159
465,231U,-17705086.368669383,1.80908356505915,0.011498973305954827,-4.465497525341486
466,156Eu,-5160746.024137691,6.206462441730635,0.04158795345653662,-3.1799447340231275
467,188W,-72854100.95974122,0.4396455616764263,0.19101984941820668,-1.6553779326796638
468,242Pu,-576475067228.0059,5.5561514560188125e-05,375000.0,12.834681304952548
469,197Pt,-60885.67917437201,526.0589510042088,0.002269164955509925,-6.088343376175128
470,36Cl,-6522303202941.352,4.910820189653162e-06,301300.0,12.615861725118393
471,131Cs,-30624568.460455872,1.0458916856920653,0.02652703627652293,-3.6295908292279417
472,189Pt,-23692.348644840033,1351.8554534745301,0.0012400182523385809,-6.692629179845636
473,139Nd,-729.1692483668536,43866.51813705015,5.646817248459958e-05,-9.781833397392202
474,243Pu,-337583.10560770443,94.88000781002899,0.0005652863335614876,-7.478178170125434
475,66Cu,-72.03766817993876,438540.5965821694,9.734580576469694e-06,-11.539826004149438
476,218Po,-5.47645458008227,4945604.447702928,5.888280477602859e-06,-12.04254654220979
477,184Re,-82550864.99068433,0.38800298691203794,0.09691991786447639,-2.33387023049108
478,131Te,-4863.6530010609795,6584.227604644181,4.753213172104342e-05,-9.954104618332655
479,98Tc,-105437.30106850977,303.7793880592527,0.004200000000000001,-5.472670753692814
480,127Sn,-9995.720192004714,3204.0491242535795,0.00023956194387405886,-8.336698536249378
481,123Sn,-14532244.972190216,2.204062788212464,0.35373032169746743,-1.0392204592823076
482,99Mo,-375756.5323380104,85.24109251331096,0.007521332420716405,-4.890011973109645
483,93Zr,-236962.9741804343,135.1681524053578,0.00161,-6.4315210999857655
484,69Ge,-64120.733230231024,499.5183530300783,0.00445471138489619,-5.413793004693059
485,147Gd,-39291.36447468892,815.1706573227972,0.0043417750399269905,-5.4394720191107515
486,246Am,-8615.586449761486,3717.2472838692943,7.415012548482774e-05,-9.50941879707121
487,95Y,-540.0310723744597,59201.74313839078,1.9583238269069892e-05,-10.840836547965266
488,145Sm,-931507798.0495179,0.03438509329594362,0.9308692676249144,-0.07163643302060184
489,142Pr,-477665.502556377,67.05511566162129,0.002181154460415241,-6.127900973355499
490,237U,-3397447.508990494,9.42765798858583,0.018485968514715945,-3.990743293337153
491,102Ag,-99.87284189456642,317528.3056868668,2.4526579968058406e-05,-10.615753131833229
492,67Cu,-280095.05244504276,114.35356656046599,0.007053388090349075,-4.954247197408277
493,173Hf,-6461078.521183085,4.95737321783261,0.0026922199406799,-5.91738916894719
494,83Sr,-48820.06525187393,656.0688999994716,0.0036972393337896415,-5.600168863825298
495,90Mo,-3616.5028379288437,8854.16930175485,0.0006342687656856034,-7.363037772716264
496,129I,-1538770.4974848342,20.81529494726679,0.01614,-4.126454616140334
497,216Po,0.9786696055904865,1501612298.4727976,4.563084645220169e-09,-19.20526698482909
498,118Te,-19085732.40033696,1.6782159692133503,0.01642710472279261,-4.1088225814027535
499,186Pt,-188969.545872792,169.49722206000393,0.00023728040155144878,-8.346267987265527
500,219Rn,0.8528628976675432,217688007.0957835,1.2548482774355463e-07,-15.891080980156566
501,211Po,0.9711398127697611,1109832806.0408661,1.6351053312038936e-08,-17.92897351892353
502,234Np,-224231.7347969757,142.8425809710452,0.012046543463381246,-4.418977509706593
503,67Ga,-18268286.439902123,1.7533106308934234,0.008930047912388774,-4.7183335187790325
504,199Au,-769173.2419514034,41.642037433984946,0.008594113620807666,-4.756677772770992
505,212Po,0.9839776425913425,1999080519.7800474,9.328973052450122e-15,-32.30565145551465
506,115Ag,-2493.758884632349,12838.909112181038,3.802570537683474e-05,-10.177248169646864
507,153Gd,-649572900.9274037,0.0493092961256391,0.6587268993839835,-0.4174462470902304
508,138Cs,-1088.080887150629,29410.104386645835,6.369305650619819e-05,-9.661435004369835
509,201Au,-13060.385216459237,2452.2653643381136,4.943341698988516e-05,-9.914883905179373
510,212Bi,-130.61489052913623,243361.3890330304,0.00011512282302836717,-9.069510973201753
511,127Xe,-115397998.39577726,0.27756098670920193,0.09949897330595482,-2.3076079534039438
512,176Ta,-12653.269244655825,2531.160192448684,0.0009228838694957791,-6.988007149908354
513,120Xe,-1428.1961083857902,22411.187931918736,8.74591223667199e-05,-9.34433904671176
514,122Xe,-2554654.9129165974,12.53788520585223,0.002292950034223135,-6.077916065913724
515,83Se,-623.119458381726,51320.27554412601,4.230359723172865e-05,-10.070638434588606
516,95Nb,-6344601.475157141,5.048382889547078,0.09580013689253936,-2.345491165065431
517,227Ra,-4234.508796212092,7562.251459670196,8.02342383451213e-05,-9.430560222158888
518,49Ca,-139.54338864832752,227901.02675514243,1.657540497376226e-05,-11.007590589384655
519,235U,-1227504.3911111762,26.09355755848522,0.704,-0.3509769228240947
520,194Os,-9773595964.911093,0.0032771952806153566,6.0,1.791759469228055
521,89Zr,-60804.22761052042,526.7636325902909,0.00893908281998631,-4.717322287902414
522,57Cu,0.9812378954043557,1707163629.3956413,6.223540446675286e-09,-18.894926888484726
523,125Sb,-418452185.96035564,0.07654394832568423,2.7576,1.0143607362205185
524,172Tm,-779368.3045188927,41.09731085235658,0.007255304585900069,-4.926022410632678
525,130Sb,-1798.7463240299685,17796.94290742027,7.510076811924861e-05,-9.49667977129378
526,137Pr,-1569.7421919032515,20391.622980337997,0.0001460187086470454,-8.831775803047229
527,87Y,-119639.4445479607,267.7186857472529,0.009103353867214236,-4.699112376522992
528,148Eu,-1656405.3390548483,19.337032116657884,0.14921286789869953,-1.9023813489616104
529,210Bi,-223919.97878856855,143.04145484661657,0.01372210814510609,-4.288747013596987
530,141Sm,-179.57220908798934,177380.46589989538,1.9393109742185715e-05,-10.85059272291063
531,193Hg,-7709.463812393603,4154.092847840946,0.00043349304129591603,-7.743634814246414
532,123I,-1758151.7151285568,18.217975208290262,0.0015084645220168834,-6.496663018357748
533,157Dy,-881375.8273071228,36.34084943492552,0.0009285877253023044,-6.981845700964305
534,126Sn,-12516645042554.348,2.558983462698208e-06,230000.0,12.345834587905333
535,89Nb,-992.6685359086665,32234.071442456174,0.00023157654574492353,-8.370600087925059
536,146Pm,-561038455.3859044,0.05709052955237629,5.53,1.7101878155342434
537,155Eu,-799194263.9394231,0.04007784337275242,4.742,1.5564589876432138
538,141Nd,-286217.2500662318,111.90754806581664,0.0002840520191649555,-8.166353170502138
539,203Pb,-4671837.552444786,6.855969489749825,0.005923340177960301,-5.128854769948006
540,245Cm,-11672087318.631472,0.0027441517781104483,8250.0,9.017968479328726
541,112In,-224.92924265901,141769.97275621825,2.8291124800365047e-05,-10.472962413795909
542,148Pm,-534542.5778304464,59.92024580408392,0.01469678302532512,-4.220126650961428
543,164Ho,-885.685157097773,36123.28718960272,5.4757015742642024e-05,-9.812605056058954
544,234U,-377143358214.5853,8.492760267127146e-05,245500.0,12.411052226216713
545,251Es,-4454.878472646277,7188.253174592802,0.0037645448323066393,-5.582128319512274
546,214Po,0.9794149638952455,1555983793.9367468,5.180051714959313e-12,-25.986206076124112
547,106Ag,-228.52139055509326,139551.1873605198,4.555479504144802e-05,-9.996594669953607
548,155Sm,-2119.5162859976563,15104.803857486744,4.217050726290972e-05,-10.073789461278635
549,140Pr,-24.60673976088321,1250841.882867486,6.445357061373488e-06,-11.952150521808496
550,127Cs,-12440.426717384918,2574.4621822064646,0.0007129819758156514,-7.246054417230444
551,155Dy,-13549.412512557106,2363.7643907090187,0.0011293634496919917,-6.78610112383821
552,92Tc,-35.707735396778766,872567.6544843902,8.080462392577382e-06,-11.72606146026453
553,200Tl,-36362.807057351565,880.8203862176264,0.00297741273100616,-5.816700566650106
554,175Yb,-3241200.276396927,9.882133149164435,0.011457905544147842,-4.469075346689371
555,177Yb,-73823.61376959202,433.8659011013177,0.00021800136892539357,-8.431009215720618
556,232Np,-262.72188783369495,121453.63754107215,2.794889345197353e-05,-10.485132949416165
557,199Pt,-4095.7359698236914,7818.415151118296,5.8559586280325496e-05,-9.745465753221326
558,108Ag,-5927.28956379691,5402.904536276823,4.528861510381018e-06,-12.305039972267746
559,166Tm,-8268.504213363125,3873.2651619962407,0.0008783937942048825,-7.037415552119116
560,178Ta,-3882.6790126296937,8247.330037430878,0.00026922199406798997,-8.219974261941235
561,122I,-61.83527540589425,509745.24054678227,6.901665525895505e-06,-11.883747794924096
562,146Tb,-0.15068188647239913,27835653.75726384,2.535047025122316e-07,-15.18788346374312
563,187Ir,-29437.08061509185,1088.0458884326772,0.0011978097193702942,-6.727260623815277
564,111In,-9472622.478123188,3.381321198986768,0.0076791238877481184,-4.869249815445976
565,156Tb,-14270756.451911263,2.2444486695627432,0.014647501711156741,-4.2234854897228935
566,127Sb,-725176.606348784,44.168466174603964,0.01054072553045859,-4.552508902331116
567,202Bi,-2994.3430722113544,10693.260105579227,0.00019621263974446725,-8.536311590153392
568,110Sn,-554820.5751726576,57.73023979219467,0.0004738763404061145,-7.654564155524834
569,201Tl,-6658403.94867902,4.810458784570014,0.008328815879534565,-4.788033984224221
570,180Os,-33204.041228067355,964.6120405815594,4.087763328009734e-05,-10.104927508067238
571,126I,-621903.3684070272,51.50306735845779,0.035400410677618066,-3.341031857847043
572,128Cs,-63.93838430976852,493236.5182326023,6.920678378583922e-06,-11.880996761552206
573,76Kr,-2750814.4747151146,11.643813578559767,0.0016883413187314626,-6.384008700208685
574,101Pd,-13499.837742761369,2372.4440799070953,0.0009662331736253709,-6.942105372314791
575,70Ga,-616.3389140879463,51883.95198433557,4.019317058331432e-05,-10.121813462758764
576,240U,-507349.3010081017,63.13188838748465,0.0016084873374401095,-6.432461083594632
577,250Es,-15055.627844135524,2127.3012063638125,0.0009810631987223362,-6.926873677719293
578,213Po,0.9831160709352276,1897069245.773476,1.1740436535097727e-13,-29.77315230463918
579,224Ra,-12354.924898129142,2592.277214427433,0.00994277891854894,-4.610908728115343
580,80Rb,-0.6869137594371971,18987326.647502717,1.0583821329885667e-06,-13.758769105440301
581,174Lu,-98357589.42576174,0.3256483046868726,3.31,1.1969481893889715
582,185Ta,-1710.0483047402497,18719.50808628003,9.39234922807818e-05,-9.273030019006978
583,40K,-inf,0.0,1248000000.0,20.944808106893646
584,120Sb,-37160.40949213245,861.9151699125414,3.02114229218952e-05,-10.407290462652231
585,146Eu,-278507.1085998781,115.0055656821537,0.012621492128678987,-4.372354193622252
586,181Re,-5697438.175628471,5.621820889920565,0.002270134610997034,-6.087916149248308
587,70Se,-455.818322242864,70115.36319152355,7.81428245493954e-05,-9.456972321698666
588,177W,-5855.033476416817,5469.569582481151,0.000251730169594646,-8.287152799697948
589,115Cd,-296913.77122560336,107.87601588289176,0.006098562628336756,-5.099702170267982
590,206Tl,-475.25509301604006,67253.83737895716,7.989200699672978e-06,-11.737419840778047
591,250Cf,-17221491.95715575,1.859884195341778,13.08,2.5710843460290524
592,125Sn,-5358182.369650403,5.977769024855117,0.026376454483230664,-3.63528354242278
593,253Es,-69509.21136232381,460.7953558020508,0.05604380561259411,-2.881621650957611
594,105Rh,-387754.3646594989,82.60358333075759,0.0040315993611681495,-5.513592117939723
595,106Ru,-325183126.515821,0.09849829178059834,1.0179329226557152,0.01777402465653474
596,147Nd,-2319053.9032600587,13.81165341603671,0.030061601642710472,-3.5045066145494244
597,69Zn,-694.9499186025766,46023.401570209266,0.00010723248916267396,-9.140511284696842
598,129Sb,-28560.206152401042,1121.450628019364,0.0004980606890257813,-7.604788622851003
599,93Tc,-1851.4014111161493,17291.059261988656,0.0003137120693588866,-8.067034969300275
600,165Er,-1105917.0976649239,28.9623459858643,0.0011818389231120236,-6.740683644147418
601,199Tl,-669962.9939576765,47.80851339098076,0.0008464522016883413,-7.074456823799466
602,135Ce,-2091295.5160838699,15.315849440890814,0.0020191649555099246,-6.205071241398971
603,166Dy,-3312698.8292378173,9.668845421459892,0.009308692676249144,-4.676806619008693
604,10Be,-2067.9911268768765,15480.966622099186,0.001387,-6.580612137649442
605,141Pm,-606.2008995620638,52750.222537058326,3.97368621187923e-05,-10.13323128423009
606,106Rh,-19.589407272550677,1555653.4558089252,9.528608005678505e-07,-13.863797008422518
607,110In,-9283.802436561073,3449.7214987014836,0.0005612594113620807,-7.485327350474538
608,33P,-906174.4542512611,35.346336546974136,0.06940451745379878,-2.6678033205936167
609,144Pm,-1022686293.8094661,0.03131946007173022,0.9938398357289527,-0.00617921636595812
610,154Tb,-30854.90163017018,1038.0504501376242,0.0011400866986082591,-6.7766509680567415
611,132Cs,-343632.6349237821,93.20968415591159,0.017741273100616017,-4.031861540266625
612,207At,-223.38963786548337,142742.69917848016,0.00020647958019621263,-8.48530903570102
613,101Mo,-1193.9125466515648,26805.294384393786,2.7777777777777776e-05,-10.491274217438248
614,79Kr,-100477.05404348983,318.7759046640744,0.0039972621492128674,-5.522145614910564
615,87Kr,-1329.2972995255927,24077.311581421138,0.00014506806601262453,-8.838307504910444
616,117In,-1184.803643374018,27011.202702552473,8.213552361396305e-05,-9.40713994795079
617,46Sc,-2852007.6802048385,11.2306749971763,0.22931416837782342,-1.4726623013288689
618,104Cd,-132147.82596229465,242.3781092519111,0.00010970416001216822,-9.1177232696868
619,79Se,-13994289614089.754,2.2887798188256084e-06,327000.0,12.697715449879391
620,158Eu,-2136.6716697221577,14983.583788975373,8.726899383983572e-05,-9.346515326134355
621,232U,-94022652.52784646,0.34066239726668246,68.9,4.232656178019613
622,253Fm,-9683.542129764399,3307.330604526649,0.008213552361396304,-4.801969761962699
623,225Ac,-35443.03782269825,903.6775870969693,0.027156741957563315,-3.606129940866952
624,97Tc,-5688516.96893902,5.630637496706921,0.00421,-5.470292631287847
625,81Sr,-318.49951043709314,100250.49031462382,4.2398661495170736e-05,-10.068393764734783
626,162Yb,-30993.73858167369,1033.4006364402533,3.587725302304358e-05,-10.235407083820396
627,143Pm,-741404523.270053,0.04320176304270129,0.7255304585900069,-0.3208522246445866
628,215Po,0.9794515502172446,1558754208.4795585,5.643648439678555e-11,-23.597905280097567
629,96Tc,-15670011.963444997,2.0440303815520497,0.011718001368925394,-4.446629041037103
630,245Pu,-354830.1962910001,90.26822588150428,0.0011978097193702942,-6.727260623815277
631,132La,-6020.000864911333,5319.710675223818,0.0005236139630390143,-7.554755856906301
632,71Ge,-61055630.41460412,0.5246032484552539,0.031293634496919916,-3.4643405728240895
633,134I,-1915.3755290879008,16713.834053102062,9.981747661419118e-05,-9.212167273603278
634,181Hf,-5318036.387103906,6.022895336205198,0.11605749486652978,-2.153669565266263
635,26Al,-1036897240393.1743,3.0889933423660985e-05,717000.0,13.482831119581757
636,121I,-4272.395083336973,7495.20742921562,0.00024184348619666897,-8.327219792294834
637,124I,-13434006.60373861,2.3842462741857013,0.011433264887063655,-4.471228200050471
638,198Tl,-12477.241580211932,2566.866683154617,0.0006046087154916724,-7.410929060420679
639,95Zr,-4589101.439742511,6.979574545807198,0.1753100616016427,-1.741199092229486
640,233Np,-49020.73573121462,653.383281902149,6.882652673207088e-05,-9.583921324369129
641,231Th,-1135646.884080217,28.204149389615935,0.0029112480036504675,-5.839173422502165
642,128Ba,-7251072.1705290405,4.417274770689042,0.0066529774127310065,-5.0126907932783515
643,45Ca,-7844334.4027755605,4.083199013275747,0.445201916495551,-0.8092273547931778
644,153Tb,-179897.73687830192,178.04451066416277,0.006406570841889117,-5.050431121261199
645,92Y,-16514.67872487444,1939.3682276199772,0.00040383299110198495,-7.814509153833072
646,101Tc,-409.8208734013108,77965.81101494409,2.70362765229295e-05,-10.51833101882576
647,66Ge,-3174.106511966397,10087.845070987574,0.0002578142824549395,-8.26327106769456
648,174Ta,-1280.0083365893784,25003.726878061607,0.0001300479123887748,-8.94760761857235
649,64Cu,-10073.659289329547,3179.2621126676163,0.0014488250057038557,-6.537002391947207
650,140Nd,-9569999.730249403,3.346915374348393,0.009226557152635182,-4.685669306266538
651,198Pb,-210627.2863461705,152.0687611917378,0.0002737850787132101,-8.203167143624855
652,146Gd,-124357225.8105686,0.25756430404593306,0.13215605749486653,-2.023771800958407
653,186Re,-674196.579200044,47.508302558133224,0.01018069815195072,-4.587261689469591
654,229Th,-12220359751.681078,0.0026210340741578725,7916.0,8.976641306722456
655,116In,-17.348479444067777,1745647.7891935864,4.4680203817780814e-07,-14.621150208038834
656,73Ga,-21424.6527894691,1494.9361352641574,0.0005544147843942505,-7.497597443066352
657,134Cs,-2356136279.44813,0.013594282657392296,2.065,0.7251302264129961
658,170Tm,-6228125.8176572295,5.1427955008314985,0.3520876112251882,-1.0438752388272898
659,93Mo,-5230046178893.507,6.1242252612122595e-06,4000.0,8.294049640102028
660,230U,-68933.48796748443,464.6438019774106,0.05538672142368241,-2.893415399451155
661,118Sb,-165.57364273387782,192287.21933981337,6.844626967830253e-06,-11.89204659773879
662,121Xe,-1132.726716346892,28251.943007754326,7.624153928055365e-05,-9.481604108888332
663,49Cr,-189.5278691469334,168111.79760741253,8.042436687200546e-05,-9.428193357148624
664,162Ho,-64085.74241303013,499.79108580948133,2.8519279032626055e-05,-10.464930242098646
665,213Bi,-99.60878895074343,318361.6750648121,8.66986082591832e-05,-9.353072726680514
666,48Sc,-45345.054790724185,706.3455183569961,0.004981747661419119,-5.301974513481285
667,75Br,-2125.712561203467,15060.795314283392,0.00018385428549699598,-8.601367040741607
668,145Eu,-206260.21649405124,155.2884401683821,0.01623545516769336,-4.120557837621175
