,Isotope,Decay Energy (keV),Half-life (seconds)
0,12Be,2251.0,2.33e-07
1,16N,120.42,5.25e-06
2,18F,1121.36,1.6200000000000002e-07
3,19F,197.143,8.93e-08
4,19Ne,238.27,1.8000000000000002e-08
5,22Na,583.11,2.43e-07
6,24Na,472.2074,0.02018
7,24Al,425.8,0.13090000000000002
8,26F,643.4,0.0022
9,26Na,82.5,9e-06
10,26Al,228.305,6.3463
11,31Mg,50.1,1.6e-08
12,31Mg,461.0,1.0500000000000001e-08
13,32Al,956.6,2.0000000000000002e-07
14,32Si,5581.0,2.7e-08
15,33Si,1434.9,1.02e-08
16,34Cl,146.36,1919.3999999999999
17,37K,1380.25,1.04e-08
18,38Cl,671.365,0.715
19,38K,130.15,0.9244600000000001
20,38K,3458.14,2.1949999999999998e-05
21,40K,1643.639,3.36e-07
22,42Sc,616.28,61.7
23,43S,320.9,2e-07
24,43K,738.1,2.0000000000000002e-07
25,43Sc,151.4,0.00043799999999999997
26,43Sc,3124.32,4.7000000000000005e-07
27,43Ti,312.7,1.19e-05
28,43Ti,3067.0,5.560000000000001e-07
29,44S,1365.0,2.6190000000000003e-06
30,44Sc,67.8679,1.548e-07
31,44Sc,146.1914,5.1e-05
32,44Sc,271.24,210996.0
33,45Sc,12.4,0.318
34,45Ti,36.53,3e-06
35,45Ti,39.39,1.129e-08
36,45V,56.8,4.6500000000000005e-07
37,46Ca,2973.9,1.04e-08
38,46Sc,52.011,9.4e-06
39,46Sc,142.528,18.75
40,46V,801.46,0.00102
41,47Sc,766.83,2.72e-07
42,49Sc,2228.63,2.99e-08
43,49V,152.9282,1.99e-08
44,50K,172.4,1.3800000000000002e-07
45,50Sc,256.895,0.35
46,50Mn,225.28,105.0
47,52Mn,377.749,1266.0
48,52Fe,6958.0,45.9
49,53Fe,741.11,6.35e-08
50,53Fe,3040.4,152.4
51,53Co,3174.3,0.247
52,54Sc,110.0,2.7699999999999997e-06
53,54V,108.0,9e-07
54,54Fe,6527.1,3.6400000000000003e-07
55,54Co,197.1,88.8
56,54Ni,6457.4,1.52e-07
57,56Sc,774.9,3.5e-07
58,57Fe,14.4129,9.83e-08
59,58Mn,71.77,65.4
60,58Co,24.95,32760.0
61,58Co,53.15,1.05e-05
62,59Ti,109.0,5.87e-07
63,59Cr,503.0,9.6e-05
64,60Mn,271.8,1.77
65,60Co,58.59,628.02
66,61Fe,861.6,2.3800000000000001e-07
67,62Co,22.0,831.5999999999999
68,62Cu,390.12,1.1000000000000001e-08
69,63Ni,87.15,1.6699999999999999e-06
70,63Ga,75.32,2.5000000000000002e-08
71,64V,81.0,1.0000000000000001e-07
72,64Mn,175.5,0.00039999999999999996
73,64Cu,1594.23,2.04e-08
74,64Ga,42.85,2.1899999999999997e-05
75,65Fe,393.7,1.12
76,65Fe,397.56,4.37e-07
77,65Ni,63.37,6.9e-05
78,65Ni,1017.01,2.5600000000000004e-08
79,65Zn,53.928,1.59e-06
80,66Mn,464.5,0.00078
81,66Co,175.0,1.2099999999999998e-06
82,66Co,642.0,9.999999999999999e-05
83,66Ga,43.812,1.8000000000000002e-08
84,66Ga,66.139,2.3e-08
85,66Ga,162.472,1.3e-08
86,66Ga,1464.33,5.7300000000000004e-08
87,66As,1356.63,1.1499999999999998e-06
88,66As,3023.8,7.9e-06
89,67Co,491.54,0.496
90,67Ni,1008.1,1.33e-05
91,67Zn,93.312,9.142e-06
92,67Zn,604.48,3.3300000000000003e-07
93,67Ga,166.98,4.2000000000000006e-08
94,67Ge,18.2,1.37e-05
95,67Ge,751.7,1.46e-07
96,68Ni,1603.5,2.68e-07
97,68Ni,2849.1,0.00086
98,68Ni,4210.0,2.3e-08
99,68Cu,721.26,225.0
100,68Ga,1229.87,6.2e-08
101,68As,425.1,1.07e-07
102,68As,1571.2,1.9e-08
103,68As,2157.8,3.6000000000000005e-08
104,69Ni,321.0,3.5
105,69Ni,2700.0,4.39e-07
106,69Cu,2742.0,3.5700000000000003e-07
107,69Cu,3692.0,2.2000000000000002e-08
108,69Cu,3828.0,3.9000000000000005e-08
109,69Zn,438.636,49521.6
110,69Ge,86.76,5.0999999999999995e-06
111,69Ge,397.94,2.8099999999999998e-06
112,69Se,38.85,2e-06
113,69Se,574.0,9.600000000000001e-07
114,70Ni,2860.0,2.32e-07
115,70Cu,101.1,33.0
116,70Cu,242.6,6.6
117,70Ga,879.1,2.27e-08
118,70As,32.008,9.6e-05
119,70Br,2292.3,2.2
120,71Ni,498.5,2.3
121,71Cu,2755.7,2.7100000000000003e-07
122,71Zn,157.7,14850.0
123,71Ge,174.943,7.9e-08
124,71Ge,198.354,0.02041
125,71As,143.5,5.9000000000000006e-08
126,71As,1000.31,1.9800000000000002e-08
127,71Se,48.79,5.6e-06
128,71Se,260.48,1.8999999999999998e-05
129,71Br,759.06,3.25e-08
130,72Cu,137.32,1.7600000000000002e-08
131,72Cu,270.3,1.7599999999999999e-06
132,72Ga,16.44,3.920000000000001e-08
133,72Ga,119.66,0.03968
134,72Ge,691.43,4.442e-07
135,72As,46.025,1.07e-08
136,72As,213.563,8.500000000000001e-08
137,72As,309.741,2.7e-08
138,72As,318.19,2.7e-08
139,72As,562.85,8.790000000000001e-08
140,72Se,937.22,1.75e-08
141,72Br,101.3,10.6
142,72Kr,671.0,2.6300000000000004e-08
143,73Zn,195.5,0.013000000000000001
144,73Ge,13.2845,2.92e-06
145,73Ge,66.726,0.499
146,73As,427.906,5.7e-06
147,73Se,25.71,2388.0
148,73Br,240.5,3.5e-08
149,73Kr,433.66,1.07e-07
150,74Ga,56.55,3.1e-08
151,74Ga,59.571,9.5
152,74As,259.187,2.6800000000000002e-08
153,74Br,13.58,2760.0
154,74Br,85.71,1.3300000000000002e-08
155,74Kr,509.25,1.42e-08
156,75Cu,61.7,3.1e-07
157,75Cu,66.2,1.49e-07
158,75Ge,139.69,47.7
159,75Ge,192.19,2.16e-07
160,75As,303.9243,0.01762
161,75Se,293.106,3.0000000000000004e-08
162,75Br,220.8,3.17e-08
163,76Ni,2418.7,4.800000000000001e-07
164,76As,44.425,1.84e-06
165,76Br,102.2,1.31
166,76Rb,316.93,3.2e-06
167,77Zn,772.44,1.05
168,77As,475.48,0.00011399999999999999
169,77Se,161.9223,17.36
170,77Br,105.86,256.8
171,77Kr,66.5,1.1800000000000001e-07
172,78Zn,2675.3,3.2e-07
173,78Ga,498.9,1.1e-07
174,78Br,32.32,1.1300000000000002e-08
175,78Br,180.89,0.0001194
176,78Br,227.67,8.400000000000001e-08
177,78Br,242.82,1.7e-08
178,78Rb,46.84,9.1e-07
179,78Rb,111.19,344.40000000000003
180,79Ge,185.95,39.0
181,79As,772.81,1.18e-06
182,79Se,95.77,235.2
183,79Br,207.2,5.1
184,79Kr,129.77,50.0
185,79Kr,147.06,7.870000000000001e-08
186,79Rb,39.37,2.05e-08
187,79Rb,96.76,1.86e-08
188,79Sr,177.3,2e-08
189,80Ga,22.45,1.3
190,80Ga,707.9,1.8300000000000002e-08
191,80Br,85.843,15913.8
192,80Rb,493.9,1.6299999999999999e-06
193,80Rb,650.7,1.3900000000000002e-08
194,80Y,228.5,4.8
195,80Y,312.6,4.7e-06
196,81Ge,679.14,7.6
197,81Se,102.966,3436.8
198,81Br,536.2,3.46e-05
199,81Kr,190.64,13.1
200,81Rb,86.31,1830.0
201,81Sr,79.23,3.8999999999999997e-07
202,81Sr,89.05,6.4e-06
203,81Sr,119.76,2.4000000000000003e-08
204,82Ga,141.0,9.8e-08
205,82As,132.1,13.6
206,82Br,45.9492,367.8
207,82Rb,69.0,23299.2
208,82Rb,192.2,1.2300000000000001e-08
209,82Y,401.1,1.1000000000000001e-08
210,82Y,402.63,2.68e-07
211,82Y,405.76,3.53e-08
212,82Y,507.5,1.47e-07
213,82Nb,1180.0,9.300000000000001e-08
214,83Se,228.5,70.1
215,83Br,3068.8,7e-07
216,83Kr,9.4053,1.5694e-07
217,83Kr,41.5569,6660.0
218,83Rb,5.26,7.15e-08
219,83Rb,42.11,0.0003
220,83Sr,259.15,4.95
221,83Y,61.98,171.0
222,83Zr,52.72,5.3e-07
223,83Zr,77.04,1.3200000000000002e-07
224,84Br,320.0,360.0
225,84Kr,3236.07,1.83e-06
226,84Kr,5373.4,4.370000000000001e-08
227,84Rb,463.59,1215.6000000000001
228,84Rb,543.28,1.1000000000000001e-08
229,84Y,67.0,4.6
230,84Y,112.4,7.9e-08
231,84Y,156.7,1.46e-08
232,84Y,162.88,3.2e-08
233,84Y,210.42,2.92e-07
234,84Y,216.11,1.8700000000000002e-08
235,84Nb,48.0,1.7600000000000001e-07
236,84Nb,305.2,5.0000000000000004e-08
237,84Nb,337.0,9.2e-08
238,85Kr,304.871,16128.000000000002
239,85Kr,1991.8,1.82e-06
240,85Rb,514.0064,1.0149999999999998e-06
241,85Rb,2826.55,1.2500000000000001e-08
242,85Sr,238.79,4057.7999999999997
243,85Y,19.68,17496.0
244,85Y,266.18,1.78e-07
245,85Zr,292.2,10.9
246,86Rb,556.05,61.019999999999996
247,86Sr,2956.09,4.55e-07
248,86Y,208.04,7e-08
249,86Y,218.21,2844.0
250,86Y,242.8,2.8600000000000005e-08
251,86Y,302.18,1.27e-07
252,86Tc,1524.0,1.1e-06
253,87Sr,388.533,10134.0
254,87Y,380.82,48132.0
255,87Zr,335.84,14.0
256,87Nb,3.84,156.0
257,87Nb,334.0,2.8000000000000003e-08
258,88Br,270.1,5.51e-06
259,88Rb,1373.8,1.23e-07
260,88Y,392.86,0.000301
261,88Y,674.55,0.013980000000000001
262,88Zr,2887.79,1.32e-06
263,89Kr,28.59,2.17e-08
264,89Y,908.97,15.663
265,89Zr,587.82,249.65999999999997
266,89Nb,2192.92,1.3800000000000001e-08
267,89Mo,387.5,0.19
268,89Tc,62.6,12.9
269,90Rb,106.9,2.58e-07
270,90Y,681.67,11484.0
271,90Zr,1760.71,6.13e-08
272,90Zr,2319.0,0.8092
273,90Zr,3589.419,1.31e-07
274,90Nb,122.37,6.3e-05
275,90Nb,124.67,18.81
276,90Nb,382.01,0.00619
277,90Nb,1880.21,4.6999999999999995e-07
278,90Mo,2874.73,1.12e-06
279,90Tc,144.1,8.7
280,91Kr,144.3,5.6000000000000005e-08
281,91Rb,1133.79,1.6600000000000003e-08
282,91Sr,93.628,8.94e-08
283,91Y,555.58,2982.6
284,91Zr,2287.4,2.9e-08
285,91Zr,3166.6,4.35e-06
286,91Nb,104.62,5258304.0
287,91Nb,1984.26,1e-08
288,91Nb,2034.42,3.7599999999999996e-06
289,91Mo,653.01,64.6
290,91Mo,2267.4,4.7000000000000004e-08
291,91Mo,2279.6,3.8e-08
292,91Tc,139.3,198.0
293,91Rh,172.9,1.46
294,92Br,662.4,8.899999999999999e-08
295,92Br,1137.9,8.4e-08
296,92Rb,284.31,5.4e-08
297,92Nb,135.5,876960.0
298,92Nb,225.8,5.9e-06
299,92Nb,2203.3,1.67e-07
300,92Mo,2760.52,1.9e-07
301,92Tc,270.09,1.0299999999999999e-06
302,92Ru,2535.2,1.6e-08
303,92Ru,2833.9,1.0000000000000001e-07
304,93Kr,354.85,1e-08
305,93Rb,4423.1,1.11e-07
306,93Y,758.719,0.82
307,93Nb,30.77,508360320.00000006
308,93Mo,2424.95,24660.0
309,93Tc,391.84,2610.0
310,93Tc,2185.16,1.0199999999999999e-05
311,93Ru,734.4,10.8
312,93Ru,2082.5,2.4900000000000003e-06
313,93Ru,2280.5,3.5e-08
314,94Br,294.6,5.3e-07
315,94Rb,1485.2,1.8000000000000002e-08
316,94Rb,2074.9,1.07e-07
317,94Y,1202.3,1.3e-06
318,94Nb,40.892,375.78
319,94Nb,140.298,3.0000000000000004e-08
320,94Mo,2955.55,9.8e-08
321,94Tc,76.0,3120.0
322,94Ru,2498.0,6.5e-08
323,94Ru,2644.1,7.099999999999999e-05
324,94Rh,54.6,4.8e-07
325,94Pd,7212.0,1.97e-07
326,95Br,537.9,6.7e-06
327,95Kr,196.9,1.42e-06
328,95Rb,810.57,9.400000000000001e-08
329,95Sr,556.08,2.17e-08
330,95Y,1087.6,4.86e-05
331,95Y,3142.5,1.6e-08
332,95Y,5022.2,6.5e-08
333,95Nb,235.69,311904.0
334,95Tc,38.91,5270400.0
335,95Ru,2538.0,1.005e-08
336,95Rh,543.3,117.6
337,95Rh,2236.37,1.8800000000000003e-08
338,95Pd,1875.13,13.3
339,96Rb,1134.6,1.77e-06
340,96Sr,3523.7,4e-08
341,96Y,1541.0,9.6
342,96Zr,1581.64,3.8e-08
343,96Tc,34.23,3090.0
344,96Tc,121.24,2.5600000000000004e-08
345,96Rh,51.98,90.6
346,96Pd,2530.57,1.75e-06
347,96Pd,7040.0,3.5e-08
348,96Pd,8385.1,3.770000000000001e-08
349,96Ag,2461.4,9.999999999999999e-05
350,97Sr,308.13,1.7000000000000001e-07
351,97Sr,830.83,5.15e-07
352,97Y,667.52,1.17
353,97Y,3522.6,0.14200000000000002
354,97Zr,1264.35,1.06e-07
355,97Nb,743.35,58.7
356,97Tc,96.57,7862400.0
357,97Rh,258.76,2772.0
358,98Rb,178.4,3.5799999999999995e-07
359,98Sr,215.35,2.2800000000000002e-08
360,98Sr,1838.2,1.3e-08
361,98Y,170.74,6.1e-07
362,98Y,374.91,3.5799999999999996e-08
363,98Y,240.0,2.0
364,98Y,496.19,6.8699999999999994e-06
365,98Y,1182.0,8e-07
366,98Zr,854.02,6.4e-08
367,98Zr,6603.7,1.6999999999999998e-06
368,98Nb,84.0,3078.0
369,98Mo,734.75,2.1800000000000003e-08
370,98Tc,90.76,1.4699999999999998e-05
371,98Ag,167.83,2.2e-07
372,98Cd,2428.0,1.7000000000000001e-07
373,98Cd,6635.1,2.3e-07
374,99Y,2141.65,8e-06
375,99Zr,251.96,2.9300000000000004e-07
376,99Zr,1038.5,5.4e-08
377,99Nb,365.27,150.0
378,99Mo,97.785,1.55e-05
379,99Mo,684.1,7.599999999999999e-07
380,99Tc,142.6832,21624.120000000003
381,99Ru,89.57,2.05e-08
382,99Rh,65.5,16920.0
383,99Ag,506.2,10.5
384,99Cd,2057.5,1.31e-08
385,100Sr,1618.72,1.2199999999999998e-07
386,100Y,145.0,0.94
387,100Nb,314.0,2.99
388,100Tc,200.67,8.32e-06
389,100Tc,243.95,3.2e-06
390,100Rh,32.696,2.7600000000000002e-08
391,100Rh,74.782,2.14e-07
392,100Rh,107.6,276.0
393,100Rh,219.61,1.3e-07
394,100Ag,15.52,134.4
395,100Cd,2548.19,6.000000000000001e-08
396,101Zr,941.81,1.6e-08
397,101Mo,13.497,2.26e-07
398,101Mo,57.015,1.33e-07
399,101Mo,273.0,9.5e-08
400,101Tc,9.32,1.4300000000000002e-08
401,101Tc,15.602,2.6800000000000002e-08
402,101Tc,207.526,0.000636
403,101Ru,527.56,1.75e-05
404,101Rh,157.32,374976.0
405,101Ag,274.1,3.1
406,102Nb,93.0,1.3
407,102Rh,41.94,1.89e-08
408,102Rh,140.73,118007712.0
409,102Pd,1593.16,1.45e-08
410,102Ag,9.4,462.0
411,102Cd,2718.6,3.9000000000000005e-08
412,103Ru,238.2,0.0016899999999999999
413,103Rh,39.753,3366.8399999999997
414,103Pd,784.79,2.5000000000000002e-08
415,103Ag,134.45,5.7
416,103In,631.7,34.0
417,104Nb,215.0,0.94
418,104Tc,69.7,3.5e-06
419,104Tc,106.1,4e-07
420,104Rh,128.9679,260.4
421,104Rh,344.594,4.7000000000000004e-08
422,104Ag,6.9,2010.0
423,104In,93.48,15.7
424,105Tc,85.43,2.08e-08
425,105Ru,20.61,3.4000000000000003e-07
426,105Ru,159.518,5.4999999999999996e-08
427,105Ru,163.815,5.5e-08
428,105Rh,129.782,42.9
429,105Pd,489.14,3.6099999999999997e-05
430,105Ag,25.479,433.8
431,105Cd,2517.5,4.5e-06
432,105In,674.08,48.0
433,106Nb,204.9,6.6e-07
434,106Rh,137.0,7860.0
435,106Ag,89.66,715392.0
436,106Cd,4659.71,6.2e-08
437,106Cd*,7118.9,1.1000000000000001e-08
438,106In,28.6,312.0
439,106Sb,103.5,2.32e-07
440,107Mo,65.4,4.2e-07
441,107Tc,30.1,3.8499999999999996e-06
442,107Tc,65.72,1.84e-07
443,107Ru,102.681,1.08e-08
444,107Ru,106.307,3.34e-08
445,107Rh,268.36,9.999999999999999e-06
446,107Rh,374.278,1.5000000000000002e-08
447,107Pd,115.74,8.499999999999999e-07
448,107Pd,214.6,21.3
449,107Ag,93.125,44.3
450,107Cd,845.54,7.1e-08
451,107Cd,2678.88,5.5e-08
452,107In,678.5,50.4
453,108Zr,2074.5,5.36e-07
454,108Nb,166.6,1.09e-07
455,108Rh,115.0,360.0
456,108Ag,109.466,13812768000.0
457,108Ag,215.382,4.58e-08
458,108In,29.75,2376.0
459,109Nb,312.5,1.14e-07
460,109Mo,69.7,1.94e-07
461,109Ru,96.2,6.800000000000001e-07
462,109Rh,225.974,1.6599999999999998e-06
463,109Rh,257.77,2.8700000000000002e-08
464,109Rh,374.09,3.3000000000000004e-08
465,109Pd,113.4,3.8e-07
466,109Pd,188.99,281.76
467,109Ag,88.0341,39.6
468,109Cd,59.49,1.2e-05
469,109Cd,463.5,1.09e-05
470,109In,650.1,80.4
471,109In,2101.8,0.209
472,110Ag,1.112,6.6e-07
473,110Ag,117.59,21585312.0
474,110Ag,118.719,3.6600000000000003e-08
475,110In,62.08,4146.0
476,110Sb,1152.9,2.4000000000000003e-08
477,111Ru,253.97,1.4000000000000001e-08
478,111Rh,394.95,8.700000000000001e-08
479,111Pd,172.18,20062.800000000003
480,111Ag,59.82,64.8
481,111Ag,376.71,1.6e-08
482,111Cd,245.39,8.450000000000001e-08
483,111Cd,396.214,2910.0
484,111In,536.99,462.0
485,111In,2716.79,1.37e-08
486,111Sn,254.71,1.2499999999999999e-05
487,111Sn,978.6,1e-08
488,111Te,839.4,3.2200000000000004e-08
489,112In,156.592,1240.2
490,112In,350.8,6.9e-07
491,112In,613.82,2.8099999999999998e-06
492,112Sn,2549.22,1.3730000000000001e-08
493,113Tc,114.4,5.26e-07
494,113Pd,81.1,0.3
495,113Ag,43.5,68.7
496,113Ag,222.08,2.3e-08
497,113Ag,273.59,3.0000000000000004e-08
498,113Cd,263.54,438035040.0
499,113Cd,316.206,1.08e-08
500,113In,391.699,5968.5599999999995
501,113Sn,77.389,1284.0
502,113Sn,738.4,8.6e-08
503,113Xe,404.8,6.9e-06
504,114Ag,199.0,0.0015
505,114In,190.2682,4277664.0
506,114In,501.948,0.0431
507,114Sn,3087.37,7.33e-07
508,114Sb,45.86,2.6e-08
509,114Sb,54.64,2.04e-08
510,114Sb,495.5,0.00021899999999999998
511,114I,265.9,6.2
512,115Pd,89.21,50.0
513,115Ag,41.16,18.0
514,115Cd,181.0,3849984.0
515,115In,336.244,16149.599999999999
516,115Sn,612.81,3.2599999999999997e-06
517,115Sn,713.64,0.000159
518,115Sb,2796.26,1.59e-07
519,115Te,280.05,7.499999999999999e-06
520,116Ag,47.9,20.0
521,116Ag,129.8,9.3
522,116In,127.267,3257.4
523,116In,289.66,2.18
524,116Sn,2365.975,3.4800000000000005e-07
525,116Sn,3547.16,8.33e-07
526,116Sb,93.99,1.9400000000000002e-07
527,116Sb,383.0,3618.0
528,116Sb,1158.79,1.06e-08
529,116I,430.4,3.27e-06
530,117Ru,185.0,2.487e-06
531,117Rh,321.2,1.3800000000000002e-07
532,117Pd,203.3,0.019100000000000002
533,117Ag,28.6,5.34
534,117Cd,136.4,12096.0
535,117In,315.303,6972.0
536,117In,659.765,5.3600000000000004e-08
537,117Sn,314.58,1209600.0
538,117Sn,2406.4,1.75e-06
539,117Sb,3130.76,0.000355
540,117Sb,3230.7,2.9000000000000003e-07
541,117Te,274.4,1.99e-08
542,117Te,296.1,0.10300000000000001
543,117I,353.59,1.21e-08
544,117I,5063.8,5.0000000000000004e-08
545,117Xe,205.52,1.7e-08
546,117Xe,229.78,5.9000000000000006e-08
547,118Ag,45.79,1e-07
548,118Ag,127.63,2.0
549,118Ag,279.37,1e-07
550,118Sn,2321.23,2.17e-08
551,118Sn,2574.91,2.3000000000000002e-07
552,118Sn,3108.06,2.52e-06
553,118Sb,50.814,2.06e-05
554,118Sb,250.0,18000.0
555,118Sb,269.82,1.3300000000000002e-08
556,118Sb,964.88,2.2600000000000004e-08
557,118I,188.8,510.0
558,119Ru,227.1,3.83e-07
559,119Cd,146.54,132.0
560,119Cd,228.27,4.3e-08
561,119In,311.37,1080.0
562,119In,654.27,1.3e-07
563,119In,2656.9,2.4000000000000003e-07
564,119Sn,23.871,1.8030000000000003e-08
565,119Sn,89.531,25323840.000000004
566,119Sn,2127.0,9.6e-06
567,119Sn,3103.3,3.4e-08
568,119Sb,2553.6,1.3e-07
569,119Te,260.96,406080.0
570,119I,306.66,3.4600000000000005e-08
571,119Xe,176.08,2e-08
572,119Xe,243.39,2.7e-08
573,119Xe,245.99,7e-08
574,120Rh,157.2,2.9399999999999996e-07
575,120Sn,2481.63,1.18e-05
576,120Sn,2902.22,6.259999999999999e-06
577,120Sn,4891.1,3.0000000000000004e-08
578,120Sb,78.16,2.46e-07
579,120I,25.07,1.3600000000000001e-08
580,120I,72.3,2.44e-07
581,120I,72.0,3180.0
582,121Pd,135.5,4.6e-07
583,121Cd,214.86,8.3
584,121Cd,314.5,1.9e-08
585,121In,313.68,232.79999999999998
586,121Sn,6.31,1384430400.0
587,121Sn,1998.3,5.299999999999999e-06
588,121Sn,2221.1,5e-07
589,121Sn,2832.7,1.67e-07
590,121Te,293.974,14186879.999999998
591,121Te,443.11,8.53e-08
592,121I,2353.0,8e-08
593,121I,2376.9,9e-06
594,121Xe,153.99,8e-08
595,121Cs,68.5,122.0
596,122Rh,271.0,8.199999999999999e-07
597,122Sn,2409.03,7.499999999999999e-06
598,122Sn,2765.3,6.2e-05
599,122Sn,4478.7,4e-08
600,122Sn,4721.2,1.34e-07
601,122Sb,61.4131,1.86e-06
602,122Sb,137.4726,0.0005300000000000001
603,122Sb,163.5591,251.45999999999998
604,122I,155.7,1.6e-08
605,122I,315.0,1.9e-07
606,122I,379.5,7.999999999999999e-05
607,122I,393.9,8.099999999999999e-05
608,122I,444.2,1.48e-07
609,122Cs,45.87,1e-06
610,122Cs,127.07,0.36
611,122Cs,135.0,222.0
612,123Ag,1472.8,3.9300000000000004e-07
613,123Cd,263.867,8e-08
614,123Cd,144.0,1.82
615,123In,327.21,47.4
616,123In,2078.1,1.4e-06
617,123Sn,24.6,2403.6000000000004
618,123Sn,1945.0,7.4e-06
619,123Sn,2153.0,6e-06
620,123Sn,2713.0,3.4e-05
621,123Sb,2037.5,3.7299999999999997e-08
622,123Sb,2237.8,2.14e-07
623,123Sb,2613.4,6.5e-05
624,123Te,247.47,10298880.0
625,123Te,489.81,3.0700000000000004e-08
626,123I,2659.9,2.7200000000000002e-08
627,123Xe,185.18,5.49e-06
628,123Xe,206.24,1.1800000000000001e-08
629,123Cs,156.27,1.64
630,123Ba,92.5,4e-08
631,123Ba,120.95,8.299999999999999e-07
632,124Ag,155.6,1.4e-07
633,124Ag,231.1,1.46e-06
634,124In,242.68,5.0000000000000004e-08
635,124Sn,2204.62,2.7e-07
636,124Sn,2325.01,3.1e-06
637,124Sn,2656.6,4.4999999999999996e-05
638,124Sn,4551.4,2.6e-07
639,124Sb,10.8627,93.0
640,124Sb,36.844,1212.0
641,124Sb,40.8038,3.2e-06
642,124Sb,125.2291,8.6e-08
643,124I,55.2,6.2e-08
644,124I,122.8,1e-08
645,124I,249.8,1.4000000000000001e-08
646,124I,286.8,1e-08
647,124I,689.1,1.4000000000000001e-08
648,124Cs,301.14,6.900000000000001e-08
649,124Cs,462.63,6.41
650,125Ag,1500.8,4.7400000000000004e-07
651,125Cd,186.0,0.48
652,125In,360.12,12.2
653,125In,2009.4,9.4e-06
654,125In,2161.2,0.005
655,125Sn,27.5,571.1999999999999
656,125Sn,1892.8,6.2e-06
657,125Sn,2059.5,6e-07
658,125Sn,2623.5,2.3e-07
659,125Sb,1971.25,4.1e-06
660,125Sb,2112.1,2.8e-05
661,125Sb,2325.0,3.1e-08
662,125Sb,2471.0,2.72e-07
663,125Te,144.775,4959360.0
664,125Xe,252.61,57.0
665,125Xe,295.89,1.4e-07
666,125Cs,84.82,1.45e-08
667,125Cs,266.1,0.0009000000000000001
668,125La,107.0,0.39
669,126Pd,2023.5,3.3e-07
670,126Pd,2109.7,4.3999999999999997e-07
671,126Pd,2406.4,0.023
672,126Ag,254.8,2.7e-05
673,126In,102.0,1.64
674,126In,243.3,2.2e-05
675,126Sn,2161.54,1.08e-08
676,126Sn,2218.99,6.5999999999999995e-06
677,126Sn,2564.5,7.699999999999999e-06
678,126Sn,4345.7,1.6e-07
679,126Sb,17.7,1149.0
680,126Sb,40.4,11.0
681,126Sb,104.6,5.53e-07
682,126Sb,127.9,7.800000000000001e-08
683,126Te,2974.4,1.07e-08
684,126I,56.4,2e-08
685,126I,111.0,1.28e-07
686,126I,122.2,1.1000000000000001e-08
687,126I,237.4,1.6e-08
688,126Cs,272.5,1e-06
689,126Cs,596.1,0.00017099999999999998
690,127In,408.9,3.67
691,127In,1863.0,1.04
692,127In,2364.0,9e-06
693,127Sn,5.07,247.79999999999998
694,127Sn,1826.67,4.519999999999999e-06
695,127Sn,1930.97,1.1899999999999998e-06
696,127Sn,2552.4,2.5e-07
697,127Sb,1920.19,1.1e-05
698,127Sb,2194.4,1.4000000000000001e-08
699,127Sb,2325.2,2.34e-07
700,127Te,88.23,9167040.0
701,127Xe,297.1,69.2
702,127Xe,342.23,3.6700000000000004e-08
703,127Xe,2729.97,2.5000000000000002e-08
704,127Cs,66.09,2.4880000000000002e-08
705,127Cs,452.23,5.4999999999999995e-05
706,127Ba,80.32,1.93
707,127Ba,81.29,7.500000000000001e-08
708,127La,14.2,222.0
709,127Ce,7.3,28.6
710,127Ce,36.8,9.999999999999999e-06
711,128Cd,1870.5,2.7e-07
712,128Cd,2108.3,1.2000000000000002e-08
713,128Cd,2714.6,3.56e-06
714,128In,247.9,2.3e-05
715,128In,340.0,0.72
716,128Sn,2091.5,6.5
717,128Sn,2491.91,2.8099999999999998e-06
718,128Sn,4099.5,2.2e-07
719,128Te,2788.9,2.3600000000000002e-07
720,128I,133.6106,1.2300000000000001e-08
721,128I,137.85,8.45e-07
722,128I,167.367,1.7500000000000002e-07
723,128Xe,2786.4,7.3e-08
724,129Cd,1940.0,0.0036000000000000003
725,129In,451.0,1.23
726,129In,1630.0,0.67
727,129In,1687.97,8.7e-06
728,129In,1911.0,0.11
729,129Sn,35.15,414.0
730,129Sn,1761.6,3.3999999999999996e-06
731,129Sn,1802.6,2.22e-06
732,129Sn,2552.9,2.1700000000000002e-07
733,129Sb,1851.31,1062.0
734,129Sb,1861.06,2.2e-06
735,129Sb,2137.4,1.1e-06
736,129Te,105.51,2903040.0
737,129Te,2137.83,3.3000000000000004e-08
738,129I,27.793,1.68e-08
739,129Xe,236.14,767232.0000000001
740,129Cs,6.545,7.200000000000001e-08
741,129Cs,575.4,7.179999999999999e-07
742,129Ba,8.42,7685.999999999999
743,129Ba,182.04,1.52e-08
744,129Ba,2462.6,4.7000000000000004e-08
745,129La,172.33,0.56
746,129Ce,107.6,6.000000000000001e-08
747,130Cd,2129.6,2.48e-07
748,130In,50.0,0.54
749,130In,388.5,5.25e-06
750,130In,400.0,0.54
751,130Sn,1946.88,102.0
752,130Sn,2084.84,5.2e-08
753,130Sn,2434.79,1.501e-06
754,130Sb,4.8,378.0
755,130Sb,84.7,8e-07
756,130Sb,1544.7,1.8e-06
757,130Te,2146.41,1.1e-07
758,130Te,2664.7,1.8999999999999998e-06
759,130Te,4373.9,5.3000000000000005e-08
760,130I,39.9525,530.4
761,130I,69.5865,1.33e-07
762,130I,82.396,3.15e-07
763,130I,85.1099,2.54e-07
764,130Cs,163.25,207.6
765,130Ba,2475.12,0.0094
766,130La,110.44,1.7e-08
767,130La,131.01,7.7e-08
768,130La,214.0,7.599999999999999e-07
769,130La,319.1,3.3000000000000004e-08
770,130Ce,2453.6,1.0000000000000001e-07
771,131In,365.0,0.35
772,131In,3764.0,0.32
773,131In,3783.6,6.85e-07
774,131Sb,1676.06,9.099999999999999e-05
775,131Sb,1687.2,4.2999999999999995e-06
776,131Sb,2165.6,1.1e-06
777,131Te,182.258,116927.99999999999
778,131Te,1940.0,0.093
779,131I,1918.4,2.4e-05
780,131I,2350.3,4.2000000000000006e-08
781,131I,4307.4,2.5000000000000002e-08
782,131Xe,163.93,1022976.0
783,131Xe,1805.3,1.4000000000000001e-08
784,131Cs,775.28,1.046e-08
785,131Ba,187.995,855.6
786,131La,304.6,0.00016999999999999999
787,131La,2121.8,3.8e-08
788,131Ce,63.09,324.0
789,131Ce,161.98,8.800000000000001e-08
790,131Pr,152.4,5.73
791,131Nd,210.8,5.0000000000000004e-08
792,132Sn,4715.91,2.01e-08
793,132Sn,4848.52,2.088e-06
794,132Sb,85.55,1.562e-08
795,132Sb,254.5,1.02e-07
796,132Te,1774.8,1.4500000000000001e-07
797,132Te,1925.47,2.81e-05
798,132Te,2723.3,3.7e-06
799,132I,120.0,4993.2
800,132Xe,2214.01,8.700000000000001e-08
801,132Xe,2752.21,0.00839
802,132La,188.2,1458.0
803,132Ce,2341.15,0.0094
804,133In,330.0,0.18
805,133Sb,4560.0,1.6539999999999997e-05
806,133Te,334.26,3324.0
807,133Te,1610.4,1.0000000000000001e-07
808,133I,1634.148,9.0
809,133I,1729.137,1.7000000000000001e-07
810,133I,2435.0,7.799999999999999e-07
811,133I,2493.7,4.6900000000000003e-07
812,133Xe,233.221,189907.19999999998
813,133Ba,288.252,140148.0
814,133La,535.595,6.2e-08
815,133Ce,37.2,19173.6
816,133Pr,192.12,1.1
817,133Nd,127.97,70.0
818,133Nd,176.1,2.91e-07
819,133Nd,353.62,4.6e-08
820,134Sn,1246.3,8.599999999999999e-08
821,134Sb,279.0,10.07
822,134Te,1691.34,1.641e-07
823,134Te,5804.0,1.8000000000000002e-08
824,134I,316.49,211.2
825,134Xe,1965.5,0.29
826,134Xe,3025.2,4.9999999999999996e-06
827,134Cs,11.2442,4.660000000000001e-08
828,134Cs,138.7441,10483.199999999999
829,134Cs,176.4044,4.970000000000001e-08
830,134Cs,257.1075,1.2300000000000001e-08
831,134Ba,1986.35,5.2e-08
832,134Ba,2957.2,2.63e-06
833,134Ce,3208.6,3.08e-07
834,134Pr,67.7,660.0
835,134Nd,2293.0,0.00041
836,135Sb,1342.3,2e-08
837,135Te,1554.89,5.11e-07
838,135Xe,526.551,917.4
839,135Cs,1632.9,3180.0
840,135Ba,268.218,103320.0
841,135La,2738.43,2.84e-08
842,135Ce,445.81,20.0
843,135Pr,358.06,0.00010499999999999999
844,135Nd,64.95,330.0
845,136Sn,1295.0,4.6e-08
846,136Sb,278.4,5.3e-07
847,136I,201.0,46.9
848,136Xe,1891.703,2.95e-06
849,136Cs,517.9,17.5
850,136Ba,2030.466,0.3084
851,136Ba,3356.78,9.100000000000001e-08
852,136La,259.3,0.114
853,136La,270.14,1.7e-08
854,136La,2520.4,1.8700000000000002e-07
855,136Ce,3095.5,2.2e-06
856,136Pr,594.62,9.170000000000001e-08
857,136Sm,2264.7,1.4999999999999999e-05
858,137Xe,1935.2,1.01e-08
859,137Ba,661.659,153.12
860,137Ba,2349.1,5.9e-07
861,137La,10.59,8.9e-08
862,137La,1869.5,3.42e-07
863,137Ce,254.29,125279.99999999999
864,137Pr,561.22,2.66e-06
865,137Nd,519.43,1.6
866,138Sn,1344.0,2.1e-07
867,138Cs,79.9,174.60000000000002
868,138Ba,2090.54,8e-07
869,138La,72.57,1.16e-07
870,138La,739.2,2e-06
871,138Ce,2129.17,0.00865
872,138Ce,3539.1,8.100000000000001e-08
873,138Pr,364.0,7632.0
874,138Nd,3174.9,3.7e-07
875,138Pm,20.0,194.4
876,138Gd,2233.1,6.2e-06
877,139La,1799.9,3.15e-07
878,139Ce,754.24,57.58
879,139Ce,2631.0,7e-08
880,139Pr,821.98,4.34e-08
881,139Nd,231.15,19800.0
882,139Nd,2616.0,2.7800000000000003e-07
883,139Pm,188.7,0.18
884,139Sm,457.4,10.7
885,139Eu,148.2,9.999999999999999e-06
886,140Cs,13.931,4.71e-07
887,140Ce,2107.86,7.2999999999999996e-06
888,140Ce,3715.3,2.3100000000000002e-08
889,140Pr,127.8,3.5e-07
890,140Pr,763.7,3.0499999999999996e-06
891,140Nd,2221.4,0.0006
892,140Nd,3621.2,2.2000000000000002e-08
893,140Nd,7431.3,1.2e-06
894,140Sm,3172.1,1.94e-08
895,140Sm,3652.8,1.52e-08
896,140Dy,2166.1,7e-06
897,141Cs,69.05,2.3300000000000003e-08
898,141Nd,756.51,62.0
899,141Pm,628.62,6.3e-07
900,141Pm,2349.52,5.4e-08
901,141Pm,2530.75,2e-06
902,141Pm,2574.4,2e-06
903,141Sm,175.9,1356.0
904,141Eu,96.45,2.7
905,141Gd,377.76,24.5
906,141Ho,66.0,7.2999999999999996e-06
907,142La,145.82,8.699999999999999e-07
908,142Pr,3.694,876.0
909,142Pr,911.4,6.1e-08
910,142Nd,2100.787,2.8000000000000003e-08
911,142Nd,2209.303,1.6499999999999998e-05
912,142Pm,449.47,1.6500000000000002e-08
913,142Pm,883.17,0.002
914,142Pm,2828.7,6.7e-05
915,142Sm,2372.1,1.421e-07
916,142Sm,3662.2,4.800000000000001e-07
917,142Sm,6657.9,4.16e-08
918,142Tb,279.7,0.303
919,142Tb,652.1,2.6e-05
920,143Nd,8987.7,3.5e-08
921,143Pm,959.73,2.4000000000000003e-08
922,143Pm,1898.36,1.0500000000000001e-08
923,143Sm,753.99,66.0
924,143Sm,2793.8,0.03
925,143Eu,389.51,4.9999999999999996e-05
926,143Gd,152.6,110.0
927,143Dy,310.7,3.0
928,143Dy,405.7,1.2e-06
929,144Cs,92.2,1.1e-06
930,144Pr,59.03,432.0
931,144Pm,840.9,7.799999999999999e-07
932,144Pm,8595.8,2.7e-06
933,144Sm,2323.6,8.8e-07
934,144Eu,926.0,2.7800000000000004e-08
935,144Eu,1127.6,1e-06
936,144Gd,2471.6,1.3e-08
937,144Gd,3433.1,1.4500000000000001e-07
938,144Tb,396.9,4.25
939,144Tb,476.2,2.8e-06
940,144Tb,517.1,6.7e-07
941,145Ce,64.3,1.3e-08
942,145Nd,67.167,2.9400000000000002e-08
943,145Pm,794.6,1.71e-08
944,145Sm,1105.03,1.35e-08
945,145Sm,8786.2,9.6e-07
946,145Eu,716.0,4.900000000000001e-07
947,145Gd,27.3,1.15e-08
948,145Gd,749.1,85.0
949,145Gd,2200.1,2.04e-08
950,145Dy,118.2,14.1
951,145Er,253.0,0.9
952,146Eu,666.37,0.000235
953,146Eu,8649.0,1e-08
954,146Dy,2935.7,0.15
955,146Tm,182.0,0.198
956,147Pr,93.29,1.2000000000000002e-08
957,147Pm,649.14,2.7e-08
958,147Eu,625.27,7.65e-07
959,147Gd,997.1,2.14e-08
960,147Gd,3581.9,2.6800000000000002e-08
961,147Gd,8587.8,5.1e-07
962,147Tb,50.6,109.80000000000001
963,147Dy,750.5,55.2
964,147Dy,3407.2,4e-07
965,147Dy,3650.6,1.6e-08
966,147Ho,2687.1,3.15e-07
967,147Tm,68.0,0.00035999999999999997
968,148La,56.034,6.7e-08
969,148Pr,76.8,120.6
970,148Pm,137.9,3567456.0
971,148Sm,6694.32,3.2e-08
972,148Eu,720.4,1.6200000000000002e-07
973,148Gd,2694.67,1.6600000000000003e-08
974,148Tb,90.1,132.0
975,148Tb,109.6,8e-08
976,148Tb,1095.8,2.2000000000000002e-08
977,148Tb,8618.6,1.31e-06
978,148Dy,2832.2,6.5e-08
979,148Dy,2919.1,4.71e-07
980,148Er,2913.2,1.3e-05
981,149Pr,58.5,2.29e-08
982,149Pm,240.214,3.5e-05
983,149Eu,496.386,2.4500000000000003e-06
984,149Tb,35.78,249.60000000000002
985,149Dy,2661.1,0.49
986,149Dy,8520.5,2.8000000000000003e-08
987,149Ho,48.8,56.0
988,149Ho,2738.0,5.9000000000000006e-08
989,149Er,741.8,8.9
990,149Er,2611.1,6.1e-07
991,150Eu,41.7,46080.0
992,150Eu,588.81,4.5000000000000006e-08
993,150Tb,461.0,348.0
994,150Er,2733.3,2e-08
995,150Er,2796.5,2.5499999999999997e-06
996,150Er,7371.9,1.5000000000000002e-08
997,150Er,9508.6,4.3e-08
998,150Tm,671.3,0.005200000000000001
999,150Lu,22.0,3.9e-05
1000,151Pr,35.1,4.9999999999999996e-05
1001,151Sm,4.821,3.5e-08
1002,151Sm,91.532,7.800000000000001e-08
1003,151Sm,261.13,1.4e-06
1004,151Eu,196.245,5.8899999999999995e-05
1005,151Tb,99.53,25.0
1006,151Dy,6032.2,1.19e-08
1007,151Ho,41.0,47.2
1008,151Er,1140.35,1e-08
1009,151Er,2586.0,0.58
1010,151Er,10286.6,4.1999999999999995e-07
1011,151Tm,2655.67,4.51e-07
1012,151Tm,6908.5,2.4000000000000003e-08
1013,151Lu,53.0,1.6499999999999998e-05
1014,152Pm,150.0,451.2
1015,152Eu,45.5998,33521.76
1016,152Eu,65.2969,9.399999999999999e-07
1017,152Eu,77.2593,3.8e-08
1018,152Eu,78.2331,1.65e-07
1019,152Eu,89.8496,3.8400000000000005e-07
1020,152Eu,147.86,5748.0
1021,152Tb,342.15,9.6e-07
1022,152Tb,501.74,252.0
1023,152Dy,5088.1,6.000000000000001e-08
1024,152Ho,160.0,49.8
1025,152Ho,3019.59,8.4e-06
1026,152Ho,5997.9,4.7000000000000004e-08
1027,152Er,9711.8,3.5e-08
1028,152Er,13386.9,1.1000000000000001e-08
1029,152Yb,2744.5,2.9999999999999997e-05
1030,153Nd,191.71,1.1e-06
1031,153Sm,98.37,0.0106
1032,153Sm,182.902,1.7e-08
1033,153Eu,1771.0,4.75e-07
1034,153Gd,95.1736,3.5e-06
1035,153Gd,171.188,7.599999999999999e-05
1036,153Tb,163.175,0.000186
1037,153Ho,68.7,558.0
1038,153Ho,2772.0,2.2900000000000003e-07
1039,153Er,2798.2,3.73e-07
1040,153Er,2992.7,1e-08
1041,153Er,3939.5,1e-08
1042,153Er,5248.1,2.48e-07
1043,153Tm,43.2,2.5
1044,153Lu,2502.5,1e-07
1045,153Lu,2632.9,1.4999999999999999e-05
1046,154Nd,1297.9,3.2e-06
1047,154Eu,68.1702,2.2e-06
1048,154Eu,82.82,2e-08
1049,154Eu,100.8612,5.4e-08
1050,154Eu,145.3,2778.0
1051,154Gd,2137.48,6.8e-08
1052,154Er,3025.0,3.9000000000000005e-08
1053,154Yb,2046.2,2.8000000000000003e-08
1054,154Yb,4479.1,1.86e-08
1055,154Lu,59.0,1.12
1056,155Sm,16.547,2.8e-06
1057,155Sm,538.4,1e-06
1058,155Gd,121.05,0.03197
1059,155Dy,132.195,5.1e-08
1060,155Dy,234.33,6e-06
1061,155Ho,141.97,0.00088
1062,155Er,563.22,3.48e-08
1063,155Tm,41.0,45.0
1064,155Lu,20.0,0.138
1065,155Lu,1781.0,0.00269
1066,156Nd,1431.3,3.6e-07
1067,156Sm,1397.55,1.85e-07
1068,156Eu,87.4897,1.2000000000000002e-08
1069,156Gd,2137.6,1.3e-06
1070,156Tb,49.63,4.9e-08
1071,156Tb,88.4,19080.0
1072,156Ho,52.37,9.5
1073,156Ho,170.0,456.0
1074,156Ho,117.58,5.8e-08
1075,156Hf,1959.0,0.0005200000000000001
1076,156Ta,102.0,0.36
1077,157Gd,63.917,4.6e-07
1078,157Gd,426.6,1.85e-05
1079,157Dy,161.99,1.3e-06
1080,157Dy,199.38,0.0216
1081,157Ho,53.048,2e-08
1082,157Er,155.4,0.076
1083,157Yb,529.3,4.5000000000000006e-08
1084,157Lu,26.0,4.79
1085,157Hf,2875.4,5.2e-08
1086,157Ta,22.0,0.0043
1087,157Ta,1589.0,0.0017
1088,158Sm,1279.3,7.4e-08
1089,158Tb,110.3,10.7
1090,158Tb,388.4,0.0004
1091,158Ho,67.199,1680.0
1092,158Ho,156.9,2.9e-08
1093,158Ta,141.0,0.0367
1094,158Ta,2809.0,6.099999999999999e-06
1095,158W,1888.0,0.00014299999999999998
1096,159Sm,1276.8,1.1500000000000001e-07
1097,159Gd,67.829,2.62e-08
1098,159Dy,352.77,0.000122
1099,159Ho,205.91,8.3
1100,159Er,182.602,3.37e-07
1101,159Er,429.05,5.9e-07
1102,159Tm,166.17,3.7500000000000005e-08
1103,159Ta,64.0,0.56
1104,160Sm,1361.3,1.2000000000000002e-07
1105,160Tb,63.6855,6.000000000000001e-08
1106,160Ho,59.98,18072.0
1107,160Ho,107.27,4.8000000000000006e-08
1108,160Ho,118.441,5.6000000000000005e-08
1109,160Ho,197.0,3.0
1110,160Tm,70.9,74.5
1111,160Tm,174.38,1.7e-08
1112,160Re,184.0,2.8e-06
1113,161Dy,25.65136,2.9100000000000002e-08
1114,161Dy,485.7,7.599999999999999e-07
1115,161Ho,211.15,6.76
1116,161Er,189.42,8.400000000000001e-08
1117,161Er,396.44,7.499999999999999e-06
1118,161Tm,78.2,1.1e-07
1119,161Hf,329.0,4.8e-06
1120,161Re,123.8,0.0147
1121,162Dy,2187.9,8.3e-06
1122,162Ho,105.87,4020.0
1123,162Er,2026.7,8.800000000000001e-08
1124,162Re,173.0,0.077
1125,163Ho,297.88,1.09
1126,163Ho,1506.4,4.1e-08
1127,163Ho,2109.4,8e-07
1128,163Er,445.5,5.8e-07
1129,163Tm,86.92,3.7999999999999996e-07
1130,163Tm,164.69,4.3e-08
1131,163Tm,290.3,4.3e-08
1132,163Yb,58.1,1e-08
1133,163Yb,99.2,1e-08
1134,163Yb,124.0,1e-08
1135,163W,480.3,1.54e-07
1136,163Re,115.0,0.214
1137,164Sm,1485.5,6e-07
1138,164Ho,139.77,2250.0
1139,164Er,1984.98,2.3e-08
1140,164Er,3378.2,6.8e-08
1141,165Dy,108.1552,75.41999999999999
1142,165Ho,361.675,1.5119999999999999e-06
1143,165Er,551.3,2.5e-07
1144,165Er,1823.0,3.7e-07
1145,165Tm,80.37,7.999999999999999e-05
1146,165Tm,160.47,9e-06
1147,165Yb,126.8,3.0000000000000004e-07
1148,165Re,48.0,1.74
1149,166Gd,1601.5,9.5e-07
1150,166Ho,190.9021,0.000185
1151,166Lu,34.37,84.6
1152,166Lu,43.0,127.2
1153,166Lu,83.5,9.2e-08
1154,166Ir,172.0,0.0151
1155,167Ho,259.34,6e-06
1156,167Er,207.801,2.269
1157,167Tm,179.48,1.16e-06
1158,167Tm,292.82,9e-07
1159,167Yb,188.754,2.3e-08
1160,167Yb,571.548,1.8000000000000002e-07
1161,167Os,435.1,6.720000000000001e-07
1162,167Ir,175.3,0.03
1163,168Ho,143.43,4e-06
1164,168Ho,192.57,1.08e-07
1165,168Er,1094.0383,1.0900000000000001e-07
1166,168Yb,1998.74,8.2e-08
1167,168Yb,2222.37,6.2e-08
1168,168Lu,202.81,402.0
1169,169Ho,1386.2,0.000118
1170,169Er,92.05,2.85e-07
1171,169Er,243.69,2.0000000000000002e-07
1172,169Tm,316.14633,6.599e-07
1173,169Tm,379.26678,5.2200000000000004e-08
1174,169Yb,24.1999,46.0
1175,169Lu,29.0,160.0
1176,169Hf,28.8,8.2e-08
1177,169Ta,180.1,1.7e-08
1178,169Ta,219.72,2.8000000000000003e-08
1179,169Ir,153.0,0.281
1180,170Ho,120.0,43.0
1181,170Er,1268.69,4.2000000000000006e-08
1182,170Tm,183.197,4.1199999999999995e-06
1183,170Yb,1258.46,3.7e-07
1184,170Lu,92.91,0.67
1185,170Hf,2183.8,2.3e-08
1186,170Au,275.0,0.000617
1187,171Er,198.6,2.1e-07
1188,171Tm,424.956,2.6e-06
1189,171Tm,1674.5,1.6999999999999998e-06
1190,171Yb,95.282,0.00525
1191,171Yb,122.416,2.65e-07
1192,171Lu,71.13,79.0
1193,171Lu,208.15,2.97e-08
1194,171Hf,21.93,29.5
1195,171Hf,49.57,6.4e-08
1196,171Hf,1984.8,1.8000000000000002e-08
1197,171Ta,236.29,4.6e-08
1198,171Pt,412.6,9.01e-07
1199,171Au,250.0,0.001014
1200,172Er,1263.5,3.95e-08
1201,172Er,1500.9,5.699999999999999e-07
1202,172Tm,476.2,0.00013199999999999998
1203,172Yb,1550.43,3.6e-06
1204,172Lu,41.86,222.0
1205,172Lu,65.79,3.32e-07
1206,172Lu,109.41,0.00043999999999999996
1207,172Lu,213.57,1.5000000000000002e-07
1208,172Hf,2005.84,1.6300000000000002e-07
1209,172Ir,139.0,2.0
1210,173Tm,317.73,1.04e-05
1211,173Tm,1905.7,2.5000000000000004e-07
1212,173Tm,2061.1,1.52e-08
1213,173Tm,4047.9,1.21e-07
1214,173Yb,398.9,2.8999999999999998e-06
1215,173Lu,123.672,7.42e-05
1216,173Hf,107.16,1.8000000000000002e-07
1217,173Hf,197.47,1.6e-07
1218,173Hf,1982.1,1.9500000000000003e-08
1219,173Ta,173.1,2.2500000000000002e-07
1220,173Ta,198.16,1.35e-08
1221,173Ta,1719.4,1.3200000000000002e-07
1222,173W,85.37,1.4000000000000001e-08
1223,173W,148.0,1.31e-06
1224,173Os,141.2,2.8000000000000003e-08
1225,173Ir,226.0,2.2
1226,173Au,214.0,0.012199999999999999
1227,174Er,1111.5,4.02
1228,174Tm,191.5,1.52e-08
1229,174Tm,252.4,2.29
1230,174Tm,496.7,1.04e-08
1231,174Tm,2091.7,0.00010609999999999999
1232,174Yb,1518.148,0.00083
1233,174Yb,1765.2,2.56e-07
1234,174Yb,3698.8,5.5e-08
1235,174Yb,6146.6,2.84e-08
1236,174Lu,170.83,12268800.0
1237,174Lu,240.818,3.9500000000000003e-07
1238,174Lu,365.183,1.4500000000000001e-07
1239,174Lu,1855.7,1.9400000000000002e-07
1240,174Lu,2062.5,3.8e-08
1241,174Lu,4068.6,9.700000000000001e-08
1242,174Lu,5849.6,2.42e-07
1243,174Hf,1549.3,1.3800000000000002e-07
1244,174Hf,1797.5,2.39e-06
1245,174Hf,3311.7,3.7e-06
1246,174W,1672.0,1.8700000000000002e-07
1247,174W,1919.7,1.8700000000000002e-07
1248,174W,2267.8,1.58e-07
1249,174W,3515.6,1.28e-07
1250,174Ir,193.0,4.9
1251,175Tm,440.0,3.1900000000000004e-07
1252,175Tm,946.7,4.44e-08
1253,175Tm,1517.7,2.1e-05
1254,175Yb,514.866,0.06820000000000001
1255,175Lu,353.48,1.49e-06
1256,175Lu,626.53,1.06e-08
1257,175Lu,1392.2,0.0009839999999999998
1258,175Hf,125.89,5.37e-05
1259,175Hf,1433.41,1.1e-06
1260,175Hf,3015.6,1.2099999999999998e-06
1261,175Hf,4636.2,2.8e-06
1262,175Ta,131.41,2.22e-07
1263,175Ta,339.2,1.7000000000000001e-07
1264,175Ta,1567.6,1.95e-06
1265,175W,104.03,4.5000000000000006e-08
1266,175W,234.96,2.16e-07
1267,175Re,1793.8,2.77e-08
1268,175Os,105.7,1e-08
1269,175Hg,494.0,3.4000000000000003e-07
1270,176Yb,1049.8,11.4
1271,176Lu,122.845,13190.4
1272,176Lu,194.358,3.5e-08
1273,176Lu,1514.5,3.1200000000000004e-07
1274,176Lu,1587.5,3.9999999999999996e-05
1275,176Hf,1333.07,9.6e-06
1276,176Hf,1559.31,9.9e-06
1277,176Hf,2865.8,0.000401
1278,176Hf,4376.6,3.4e-08
1279,176Hf,4863.5,4.4999999999999996e-05
1280,176Ta,100.2,3.05e-08
1281,176Ta,103.0,0.0011
1282,176W,3747.0,4.1e-08
1283,176W,4894.7,1e-08
1284,177Yb,331.5,6.41
1285,177Lu,150.3967,1.3e-07
1286,177Lu,569.7068,0.000155
1287,177Lu,761.7001,3.2799999999999996e-08
1288,177Lu,970.175,13862016.0
1289,177Lu,1356.878,1.11e-08
1290,177Lu,2771.6,6.25e-07
1291,177Lu,3530.3,6.9e-06
1292,177Hf,1315.4504,1.09
1293,177Hf,1342.38,5.59e-05
1294,177Hf,2740.02,3084.0
1295,177Ta,70.59,7.02e-08
1296,177Ta,73.36,4.1000000000000004e-07
1297,177Ta,186.15,3.62e-06
1298,177Ta,487.62,2.6e-08
1299,177Ta,1355.01,5.309999999999999e-06
1300,177Ta,2826.46,2.3e-08
1301,177Ta,2852.7,4.6e-08
1302,177Ta,4656.3,0.000133
1303,177W,101.17,3.8e-08
1304,177W,185.96,1.3e-08
1305,177Re,84.71,4.9999999999999996e-05
1306,177Os,152.3,4e-08
1307,177Os,300.6,4.63e-08
1308,177Pt,147.4,2.2e-06
1309,177Hg,323.0,1.5e-06
1310,177Tl,807.0,0.00022999999999999998
1311,178Lu,123.8,1386.0
1312,178Hf,1147.416,4.0
1313,178Hf,1553.997,7.75e-08
1314,178Hf,2446.09,977616000.0
1315,178Hf,2572.4,6.8e-05
1316,178W,3654.93,3.0000000000000004e-08
1317,178W,5313.7,6.4e-08
1318,178W,6572.7,2.2e-07
1319,179Lu,592.4,0.0031000000000000003
1320,179Hf,375.0352,18.67
1321,179Hf,1105.74,2164320.0
1322,179Hf,2549.6,3.0000000000000004e-08
1323,179Hf,3439.2,1.2000000000000002e-08
1324,179Hf,3775.2,1.4999999999999999e-05
1325,179Ta,30.7,1.42e-06
1326,179Ta,238.56,6.5e-08
1327,179Ta,520.23,2.8e-07
1328,179Ta,627.98,8e-08
1329,179Ta,1252.6,3.22e-07
1330,179Ta,1317.2,0.009000000000000001
1331,179Ta,1328.0,1.6e-06
1332,179Ta,2639.5,0.0541
1333,179Ta,2792.8,1.7e-08
1334,179Ta,5391.8,5.3000000000000005e-08
1335,179W,221.91,384.0
1336,179W,1631.9,3.9e-07
1337,179W,3348.41,7.5e-07
1338,179Re,65.35,9.499999999999999e-05
1339,179Re,1202.2,2.1000000000000003e-08
1340,179Re,5408.0,0.00046600000000000005
1341,179Os,145.41,5e-07
1342,179Os,243.0,7.83e-07
1343,179Au,89.5,3.28e-07
1344,179Hg,171.4,6.4e-06
1345,180Lu,13.9,1.0
1346,180Lu,624.0,0.001
1347,180Hf,1141.5,19692.0
1348,180Hf,1374.15,5.699999999999999e-07
1349,180Hf,2425.8,1.4999999999999999e-05
1350,180Hf,2486.3,9.999999999999999e-06
1351,180Hf,2538.3,9.999999999999999e-06
1352,180Hf,3599.3,8.999999999999999e-05
1353,180Ta,77.1,3.78432e+22
1354,180Ta,107.85,1.92e-08
1355,180Ta,177.65,7e-08
1356,180Ta,356.68,4.2000000000000006e-08
1357,180Ta,463.24,3.12e-08
1358,180Ta,520.14,3.7400000000000004e-08
1359,180Ta,594.43,1.6100000000000002e-08
1360,180Ta,1452.4,3.12e-05
1361,180Ta,2588.37,2.2000000000000002e-08
1362,180Ta,3679.0,2e-06
1363,180W,1529.01,0.00547
1364,180W,1639.771,1.92e-08
1365,180W,3264.56,2.33e-06
1366,180Re,20.1,8.800000000000001e-08
1367,180Os,1862.5,1.7e-08
1368,180Os,1928.62,2.5000000000000002e-08
1369,180Os,5848.3,1.2000000000000002e-08
1370,181Hf*,595.27,7.999999999999999e-05
1371,181Hf,1043.5,9.999999999999999e-05
1372,181Hf,1741.9,0.0015
1373,181Ta,6.237,6.05e-06
1374,181Ta,482.168,1.08e-08
1375,181Ta,615.19,1.8e-05
1376,181Ta,2227.9,0.00020999999999999998
1377,181W,365.55,1.459e-05
1378,181W,1653.1,1.4e-07
1379,181W,1744.9,5.0000000000000004e-08
1380,181W,3943.9,2e-08
1381,181Re,262.91,1.567e-07
1382,181Re,356.72,8.76e-08
1383,181Re,1656.37,2.5000000000000004e-07
1384,181Re,1880.57,1.15e-05
1385,181Re,3869.4,1.2e-06
1386,181Re,3990.02,2.22e-08
1387,181Os,49.2,162.0
1388,181Os,156.91,2.62e-07
1389,181Os,3738.67,2.4000000000000003e-08
1390,181Ir,289.33,2.98e-07
1391,181Ir,366.3,1.2600000000000002e-07
1392,181Ir,2034.3,2.2000000000000002e-08
1393,181Pt,116.65,3.0000000000000004e-07
1394,181Pt,275.99,9.9e-08
1395,181Tl,835.9,0.0014
1396,182Hf,1172.87,3690.0
1397,182Hf,2571.3,3.9999999999999996e-05
1398,182Ta,16.273,0.28300000000000003
1399,182Ta,519.577,950.4
1400,182W,2230.65,1.3e-06
1401,182W,3754.89,3.7e-08
1402,182W,4040.6,2e-08
1403,182Re,2256.48,8.2e-08
1404,182Os,1831.4,0.0007800000000000001
1405,182Os,7049.5,1.5000000000000002e-07
1406,182Ir,71.02,1.7000000000000001e-07
1407,182Ir,176.4,1.3e-07
1408,183Hf,1464.0,10.0
1409,183Ta,73.174,1.07e-07
1410,183W,309.493,5.2
1411,183W,453.0708,1.85e-08
1412,183W,1746.55,1.27e-08
1413,183Re,1907.6,0.0010400000000000001
1414,183Os,170.71,35640.0
1415,183Os,5067.54,2.7e-08
1416,183Os,5167.43,2.4000000000000003e-08
1417,183Pt,34.5,43.0
1418,183Pt,195.68,1.5000000000000002e-07
1419,183Au,73.3,1e-06
1420,183Hg,266.0,8e-06
1421,183Tl,630.0,0.06
1422,183Tl,976.8,1.48e-06
1423,183Pb,97.0,0.41500000000000004
1424,184Hf,1264.0,48.0
1425,184Hf,2477.0,720.0
1426,184W,1284.997,8.33e-06
1427,184W,3863.2,1.8800000000000002e-07
1428,184Re,188.0463,14601600.0
1429,184Os,2366.81,2.3600000000000003e-08
1430,184Os,4756.71,4.8000000000000006e-08
1431,184Ir,225.65,0.00047
1432,184Ir,328.4,3.5000000000000004e-07
1433,184Ir,432.49,1e-08
1434,184Pt,1840.3,0.00101
1435,184Au,68.46,47.6
1436,184Au,228.4,6.900000000000001e-08
1437,184Tl,506.1,0.0471
1438,185Ta,175.5,1.1800000000000001e-08
1439,185Ta,406.0,9e-07
1440,185Ta,1273.4,0.011800000000000001
1441,185W,197.383,100.19999999999999
1442,185W,243.62,1.93e-08
1443,185Re,368.3,3.3000000000000004e-08
1444,185Re,2123.8,1.21e-07
1445,185Os,102.37,3e-06
1446,185Os,275.53,7.799999999999999e-07
1447,185Os,5007.1,1.8000000000000002e-08
1448,185Ir,646.6,2.15e-08
1449,185Pt,103.41,1980.0
1450,185Pt,200.89,7.280000000000001e-07
1451,185Au,220.1,2.6e-08
1452,185Hg,103.7,21.6
1453,185Tl,454.8,1.93
1454,186Hf,2968.0,20.0
1455,186Ta,336.0,92.4
1456,186W,1517.2,1.8e-05
1457,186W,3542.8,7.5
1458,186Re,149.0,6307200000000.0
1459,186Re,314.009,2.4100000000000004e-08
1460,186Au,227.77,1.1e-07
1461,186Hg,2217.3,8.2e-05
1462,186Tl,396.0,2.9
1463,187Ta,1793.0,22.0
1464,187Ta,2933.0,300.0
1465,187W,410.06,1.38e-06
1466,187Re,206.2473,5.553e-07
1467,187Re,1681.63,1.14e-07
1468,187Os,100.45,1.1200000000000001e-07
1469,187Os,257.1,0.00023099999999999998
1470,187Ir,106.478,1.15e-08
1471,187Ir,186.16,0.0303
1472,187Ir,433.75,1.52e-07
1473,187Ir,2487.7,1.8e-06
1474,187Pt,57.11,1.8000000000000002e-08
1475,187Pt,174.38,0.00031099999999999997
1476,187Au,120.33,2.3
1477,187Au,223.9,4.8000000000000006e-08
1478,187Au,2431.3,2.4000000000000003e-08
1479,187Au,2669.4,1.0000000000000001e-07
1480,187Hg,54.0,144.0
1481,187Hg,161.57,3.3000000000000004e-08
1482,187Tl,334.0,15.6
1483,187Tl,2582.5,6.9e-07
1484,187Pb,33.0,18.3
1485,187Bi,112.0,0.00037
1486,187Bi,252.0,3.2e-06
1487,188W,1929.3,1.0950000000000001e-07
1488,188Re,172.069,1115.4
1489,188Re,182.743,2.0300000000000003e-08
1490,188Re,230.91,2.14e-08
1491,188Os,1771.0,1.4000000000000001e-08
1492,188Hg,2724.3,1.34e-07
1493,188Pb,2578.2,8.200000000000001e-07
1494,188Pb,2704.9,2.7e-08
1495,188Pb,2713.0,9.9e-08
1496,188Pb,4783.6,4.3999999999999997e-07
1497,188Bi,65.0,4.9999999999999996e-06
1498,189Os,30.812,20916.0
1499,189Ir,94.34,1.1400000000000001e-08
1500,189Ir,372.17,0.013300000000000001
1501,189Ir,2333.2,0.0037
1502,189Pt,172.8,4.64e-07
1503,189Pt,191.5,0.000143
1504,189Au,9.92,3.0000000000000004e-08
1505,189Au,247.23,275.4
1506,189Au,325.11,1.9e-07
1507,189Au,2554.7,2.42e-07
1508,189Hg,100.0,516.0
1509,189Tl,281.0,84.0
1510,189Pb,40.0,50.0
1511,189Pb,2474.5,2.2199999999999998e-05
1512,189Bi,184.0,0.005
1513,189Bi,357.6,0.00088
1514,190W,1742.0,1.11e-07
1515,190W,1839.0,0.000108
1516,190W,2394.5,6e-05
1517,190Re,204.0,11520.0
1518,190Os,1705.4,591.5999999999999
1519,190Ir,26.1,4032.0000000000005
1520,190Ir,36.154,2e-06
1521,190Ir,317.56,9.000000000000001e-08
1522,190Ir,376.4,11113.2
1523,190Pt,2297.4,4.8000000000000006e-08
1524,190Hg,2620.7,2.3e-08
1525,190Tl,89.0,222.0
1526,190Pb,2614.8,1.5000000000000002e-07
1527,190Pb,2658.2,7.2e-06
1528,190Pb,4516.8,1.4000000000000001e-08
1529,191Os,74.382,47160.0
1530,191Os,2640.0,6.1e-08
1531,191Ir,171.29,4.899
1532,191Ir,2101.1,5.8
1533,191Pt,100.663,1e-06
1534,191Pt,149.035,9.499999999999999e-05
1535,191Au,11.1,1.55e-08
1536,191Au,266.2,0.92
1537,191Au,540.4,1e-08
1538,191Au,2489.6,4.02e-07
1539,191Hg,128.0,3048.0
1540,191Bi,241.0,0.125
1541,191Bi,429.7,5.47e-07
1542,191Po,40.0,0.093
1543,191At,55.0,0.0021000000000000003
1544,192Re,267.0,61.0
1545,192Os,2015.4,5.9
1546,192Os,4113.8,1.8999999999999998e-07
1547,192Os,4580.3,2.9500000000000003e-07
1548,192Ir,56.72,87.0
1549,192Ir,66.83,1.5000000000000002e-08
1550,192Ir,104.776,1.74e-08
1551,192Ir,118.7824,1.5000000000000002e-08
1552,192Ir,168.14,7600176000.0
1553,192Pt,2172.37,2.72e-07
1554,192Au,135.41,0.029
1555,192Au,431.6,0.16
1556,192Hg,2535.5,1.11e-08
1557,192Tl,138.0,648.0
1558,192Tl,388.0,2.96e-07
1559,192Pb,2581.1,1.66e-07
1560,192Pb,2624.0,1.09e-06
1561,192Pb,2743.5,7.559999999999999e-07
1562,192Bi,147.0,39.6
1563,192Po,2294.6,5.8e-07
1564,193Os,315.9,1.1e-07
1565,193Ir,80.239,909792.0
1566,193Ir,2277.4,0.0001248
1567,193Pt,149.78,374112.0
1568,193Au,290.19,3.9
1569,193Au,1946.9,1.04e-08
1570,193Au,2486.5,1.5000000000000002e-07
1571,193Hg,140.76,42480.0
1572,193Tl,373.0,126.6
1573,193Bi,308.0,3.2
1574,193Bi,605.5,1.53e-07
1575,193Po,95.0,0.245
1576,193At,5.0,0.021
1577,193At,39.0,0.027
1578,194Re,285.0,25.0
1579,194Re,833.0,100.0
1580,194Ir,147.072,0.03185
1581,194Au,107.4,0.6
1582,194Au,475.8,0.42
1583,194Tl,260.0,1967.9999999999998
1584,194Pb,2407.1,1.7e-08
1585,194Pb,2437.4,1.7e-08
1586,194Pb,2580.8,1.7200000000000002e-08
1587,194Pb,2628.1,3.7e-07
1588,194Pb,2933.0,1.33e-07
1589,194Bi,184.0,115.0
1590,194Po,2525.2,1.4999999999999999e-05
1591,195Os,454.0,540.0
1592,195Os,1464.7,2.6e-08
1593,195Ir,100.0,13212.0
1594,195Ir,2354.0,4.4e-06
1595,195Pt,259.077,346464.0
1596,195Au,318.58,30.5
1597,195Au,2418.2,6.900000000000001e-08
1598,195Au,2460.84,1.6e-05
1599,195Hg,176.07,149760.0
1600,195Tl,482.63,3.6
1601,195Pb,202.9,900.0
1602,195Pb,1759.0,9.999999999999999e-06
1603,195Pb,2901.7,9.5e-08
1604,195Bi,401.0,87.0
1605,195Bi,886.7,3.2e-08
1606,195Bi,2194.3,8e-08
1607,195Bi,2395.5,7.5e-07
1608,195At,33.0,0.14300000000000002
1609,196Ir,410.0,5040.0
1610,196Au,84.656,8.1
1611,196Au,595.66,34560.0
1612,196Tl,394.2,5076.0
1613,196Tl,738.1,2.1300000000000002e-08
1614,196Pb,1797.51,1.4e-07
1615,196Pb,2307.84,5.2e-08
1616,196Pb,2621.9,5.0000000000000004e-08
1617,196Pb,2694.6,2.7e-07
1618,196Pb,3192.67,7.200000000000001e-08
1619,196Bi,169.0,0.6
1620,196Bi,271.0,240.0
1621,196Po,2493.9,8.56e-07
1622,196At,157.9,1.1e-05
1623,197Ir,115.0,534.0
1624,197Pt,53.088,1.658e-08
1625,197Pt,399.59,5724.599999999999
1626,197Au,409.15,7.73
1627,197Au,2532.5,1.5000000000000002e-07
1628,197Hg,298.93,85680.0
1629,197Tl,608.22,0.54
1630,197Tl,2529.7,1.8000000000000002e-08
1631,197Pb,319.31,2574.0
1632,197Pb,1914.1,1.1499999999999998e-06
1633,197Pb,3168.9,5.5e-08
1634,197Bi,532.0,302.4
1635,197Bi,1600.95,1.53e-08
1636,197Bi,2064.7,3.6700000000000004e-08
1637,197Bi,2088.6,1.93e-08
1638,197Bi,2129.3,2.04e-07
1639,197Bi,2357.4,5.3000000000000005e-08
1640,197Bi,2929.5,2.09e-07
1641,197Po,204.0,32.0
1642,197At,52.0,2.0
1643,197At,310.7,1.3e-06
1644,197Rn,194.0,0.025
1645,198Ir,116.4,7.7e-08
1646,198Pt,3017.0,3.6000000000000005e-08
1647,198Au,312.22,1.24e-07
1648,198Au,811.7,196300.8
1649,198Tl,543.6,6732.0
1650,198Tl,687.2,1.5000000000000002e-07
1651,198Tl,742.4,0.032100000000000004
1652,198Tl,934.2,1.2300000000000001e-08
1653,198Pb,1823.5,5.04e-08
1654,198Pb,2141.4,4.1900000000000005e-06
1655,198Pb,2231.4,1.37e-07
1656,198Pb,2820.5,2.1200000000000002e-07
1657,198Bi,280.0,696.0
1658,198Bi,530.0,7.7
1659,198Po,1853.63,2.9e-08
1660,198Po,2565.92,2.0000000000000002e-07
1661,198At,287.0,1.21
1662,199Pt,424.0,13.6
1663,199Au,548.9405,0.00044
1664,199Hg,532.48,2560.2000000000003
1665,199Tl,748.87,0.028399999999999998
1666,199Bi,667.0,1482.0
1667,199Bi,1647.5,3.41e-08
1668,199Po,310.0,250.2
1669,199At,244.0,0.273
1670,199At,572.9,7e-08
1671,199At,2293.4,8e-07
1672,200Au,962.0,67320.0
1673,200Tl,753.6,0.034
1674,200Tl,762.0,3.3e-07
1675,200Pb,2153.8,4.510000000000001e-08
1676,200Pb,2183.3,4.4800000000000004e-07
1677,200Pb,3005.8,1.9900000000000002e-07
1678,200Pb,5075.9,7.200000000000001e-08
1679,200Pb,6948.3,5.8e-08
1680,200Bi,428.2,0.4
1681,200Po,1773.6,6.1e-08
1682,200Po,2596.1,1.0000000000000001e-07
1683,200At,112.0,47.0
1684,200At,344.0,7.3
1685,201Au,594.0,0.00034
1686,201Hg,1.5648,8.100000000000001e-08
1687,201Hg,766.22,9.4e-05
1688,201Tl,919.16,0.0020099999999999996
1689,201Tl,2747.0,9.499999999999999e-08
1690,201Pb,629.1,60.8
1691,201Pb,2719.6,6.300000000000001e-08
1692,201Bi,846.35,3450.0
1693,201Po,424.1,537.6
1694,201At,459.2,0.045
1695,201At,749.0,1.59e-08
1696,201At,2319.0,3.39e-06
1697,201Fr,130.0,0.008
1698,202Pt,1788.5,0.00014099999999999998
1699,202Tl,950.19,0.0005909999999999999
1700,202Pb,2169.85,12744.0
1701,202Pb,2208.44,6.54e-08
1702,202Pb,3237.7,2.42e-08
1703,202At,190.0,182.0
1704,202At,580.0,0.46
1705,202Fr,281.0,0.29
1706,203Au,641.0,0.00014
1707,203Hg,932.1,2.1899999999999997e-05
1708,203Hg,8281.0,1.46e-07
1709,203Pb,126.5,7.500000000000001e-08
1710,203Pb,825.2,6.21
1711,203Pb,1922.1,4.2000000000000006e-08
1712,203Pb,2949.2,0.48
1713,203Bi,1098.12,0.305
1714,203Bi,1990.6,9.000000000000001e-08
1715,203Bi,2041.5,1.9400000000000002e-07
1716,203Bi,3032.2,2.24e-08
1717,203Po,641.68,45.0
1718,203Po,2158.5,2.0000000000000002e-07
1719,203Po,2792.4,1.2000000000000002e-08
1720,203Rn,362.0,26.9
1721,203Fr,356.9,0.043000000000000003
1722,203Fr,426.0,3.7e-07
1723,203Ra,260.0,0.0242
1724,204Pt,1995.0,5.5e-06
1725,204Tl,145.89,1.8700000000000002e-08
1726,204Tl,1103.9,6.17e-05
1727,204Tl,2319.07,2.6e-06
1728,204Tl,4391.62,4.2e-07
1729,204Tl,6239.4,9.000000000000001e-08
1730,204Pb,1274.13,2.65e-07
1731,204Pb,2185.88,4015.8
1732,204Pb,2264.42,4.5e-07
1733,204Bi,805.5,0.013000000000000001
1734,204Bi,2833.4,0.00107
1735,204Po,1639.03,1.55e-07
1736,204Po,2227.33,1.56e-08
1737,204Po,3564.1,1.15e-08
1738,204At,587.3,0.108
1739,204Rn,2461.9,3.34e-08
1740,204Rn,3035.3,1.4000000000000001e-08
1741,204Fr,41.0,2.3
1742,204Fr,316.0,0.00165
1743,205Au,907.0,6.0
1744,205Au,2849.7,1.6300000000000002e-07
1745,205Hg,1556.4,0.00109
1746,205Hg,3315.8,5.8899999999999995e-06
1747,205Tl,3290.6,2.6e-06
1748,205Tl,4835.6,2.3500000000000003e-07
1749,205Pb,2.329,2.42e-05
1750,205Pb,1013.85,0.00555
1751,205Pb,3195.7,2.1700000000000002e-07
1752,205Pb,5161.7,6.300000000000001e-08
1753,205Bi,1497.17,7.9e-06
1754,205Bi,2064.7,1.0000000000000001e-07
1755,205Bi,2139.0,2.2e-07
1756,205Po,143.166,3.1e-07
1757,205Po,880.31,0.0006450000000000001
1758,205Po,1461.21,0.0574
1759,205Po,3087.2,1.1500000000000001e-07
1760,205At,2062.62,6.66e-08
1761,205At,2339.65,7.76e-06
1762,205Rn,657.1,10.0
1763,205Fr,544.0,8e-08
1764,205Fr,609.0,0.00115
1765,206Hg,2102.4,2.09e-06
1766,206Hg,3723.4,1.07e-07
1767,206Tl,1405.47,7.800000000000001e-08
1768,206Tl,1621.7,1.01e-08
1769,206Tl,2643.1,224.4
1770,206Pb,2200.16,0.000125
1771,206Pb,4027.3,2.02e-07
1772,206Bi,59.897,7.699999999999999e-06
1773,206Bi,1044.8,0.0008900000000000001
1774,206Bi,3147.1,1.56e-08
1775,206Bi,9233.3,1.55e-07
1776,206Bi,10170.5,2e-06
1777,206Po,1585.9,2.32e-07
1778,206Po,2262.09,1.05e-06
1779,206Rn,1924.7,1.9e-08
1780,206Rn,2475.55,6.5e-08
1781,206Rn,4129.8,1.1000000000000001e-08
1782,206Fr,730.0,0.7
1783,206Ac,240.0,0.033
1784,207Tl,1348.18,1.33
1785,207Pb,1633.356,0.806
1786,207Bi,2101.61,0.00018199999999999998
1787,207Bi,3887.4,1.27e-08
1788,207Po,68.557,2.0500000000000002e-07
1789,207Po,1115.076,4.9e-05
1790,207Po,1383.16,2.79
1791,207Po,2379.7,4.3e-08
1792,207At,2117.3,1.08e-07
1793,207Rn,899.1,0.00018449999999999999
1794,207Ra,554.0,0.059000000000000004
1795,208Pb,4895.23,5e-07
1796,208Bi,1571.1,0.0025800000000000003
1797,208Po,1528.22,3.5000000000000004e-07
1798,208At,1090.5,4.78e-08
1799,208At,2276.4,1.5e-06
1800,208Rn,1828.3,4.870000000000001e-07
1801,208Rn,2618.1,1.1800000000000001e-08
1802,208Rn,4066.4,1.8300000000000002e-08
1803,208Fr,826.3,4.32e-07
1804,208Fr,1209.0,3.3000000000000004e-08
1805,208Ra,2147.4,2.7e-07
1806,208Ac,506.0,0.025
1807,209Bi,2442.86,1e-08
1808,209Bi,2986.79,1.8000000000000002e-08
1809,209Po,1417.59,2.47e-08
1810,209Po,1472.5,9.300000000000001e-08
1811,209Po,4265.6,1.1900000000000001e-07
1812,209At,1427.66,2.55e-08
1813,209At,2429.25,8.9e-07
1814,209Rn,1173.98,1.34e-05
1815,209Rn,3157.48,1.3900000000000002e-08
1816,209Rn,3636.78,3e-06
1817,209Rn,4833.7,1e-08
1818,209Fr,826.1,4.4600000000000005e-07
1819,209Fr,2130.5,3.33e-08
1820,209Fr,3415.9,6.2e-08
1821,209Fr,4659.8,4.2e-07
1822,209Ra,882.4,0.000117
1823,210Hg,663.0,2.1e-06
1824,210Pb,1195.0,4.9e-08
1825,210Pb,1278.0,2.01e-07
1826,210Bi,271.31,95869440000000.0
1827,210Bi,433.48,5.7500000000000005e-08
1828,210Bi,439.24,3.8e-08
1829,210Bi,3469.2,1.11e-08
1830,210Po,1473.357,4.2600000000000004e-08
1831,210Po,1556.97,9.89e-08
1832,210Po,2849.17,1.9600000000000003e-08
1833,210Po,4371.96,5.4400000000000004e-08
1834,210Po,5057.65,2.63e-07
1835,210At,1363.2,2.4800000000000004e-08
1836,210At,1688.7,1.55e-08
1837,210At,2549.6,4.82e-07
1838,210At,4027.7,5.66e-06
1839,210At,6959.3,9.8e-08
1840,210At,7847.3,3.6000000000000005e-08
1841,210Fr,729.1,4.1e-08
1842,210Ra,2050.9,2.1e-06
1843,211Pb,1193.1,4.2000000000000006e-08
1844,211Bi,1227.2,7e-08
1845,211Bi,1257.0,1.4e-06
1846,211Po,1064.8,1.4000000000000001e-08
1847,211Po,1462.0,25.2
1848,211Po,2135.0,2.43e-07
1849,211Po,4872.0,2.8e-06
1850,211At,1270.09,1.21e-08
1851,211At,1416.27,3.51e-08
1852,211At,2640.7,5.08e-08
1853,211At,4814.5,4.23e-06
1854,211At,6567.2,5.06e-08
1855,211At,7517.4,2.4300000000000003e-08
1856,211Fr,2423.16,1.46e-07
1857,211Fr,4657.3,1.23e-07
1858,211Ra,1198.1,9.4e-06
1859,212Pb,1335.0,6e-06
1860,212Bi,239.0,1500.0
1861,212Bi,1478.0,420.0
1862,212Po,1476.43,1.4700000000000001e-08
1863,212Po,2922.0,45.1
1864,212At,223.0,0.119
1865,212At,275.5,3.2e-08
1866,212At,885.4,1.8700000000000002e-08
1867,212At,1604.5,3.54e-08
1868,212At,2250.0,4.2000000000000006e-08
1869,212At,4771.6,0.00015199999999999998
1870,212Rn,1639.8,1.1800000000000001e-07
1871,212Rn,1694.0,9.1e-07
1872,212Rn,4066.8,2.89e-08
1873,212Rn,6174.0,1.04e-07
1874,212Rn,7141.8,1.8000000000000002e-08
1875,212Rn,7878.1,1.4000000000000001e-08
1876,212Rn,8579.0,1.54e-07
1877,212Rn,10619.3,2e-08
1878,212Rn,12211.1,1.7300000000000003e-08
1879,212Fr,1551.4,3.1899999999999996e-05
1880,212Fr,2492.2,6.040000000000001e-07
1881,212Fr,5854.7,3.1200000000000004e-07
1882,212Fr,8533.4,2.36e-05
1883,212Ra,1958.4,7.099999999999999e-06
1884,212Ra,2613.4,4.8e-07
1885,213Rn,896.1,2.6e-08
1886,213Rn,1664.0,2.9e-08
1887,213Fr,1411.01,1.8000000000000002e-08
1888,213Fr,1590.41,5.05e-07
1889,213Fr,2537.62,2.3800000000000001e-07
1890,213Fr,4992.7,1.3e-08
1891,213Fr,8094.8,3.1e-06
1892,213Ra,1770.0,0.0022
1893,213Th,1180.0,1.4e-06
1894,214Pb,1420.0,6.2e-06
1895,214At,59.0,2.65e-07
1896,214At,232.0,7.6e-07
1897,214Rn,3490.1,4.4000000000000004e-08
1898,214Rn,4595.4,2.4500000000000004e-07
1899,214Fr,122.0,0.00335
1900,214Fr,638.0,1.0300000000000001e-07
1901,214Fr,1661.0,1.1000000000000001e-08
1902,214Fr,1732.0,1e-08
1903,214Ra,1639.3,3.51e-08
1904,214Ra,1819.7,1.1800000000000001e-07
1905,214Ra,1865.2,6.73e-05
1906,214Ra,2683.2,2.9500000000000003e-07
1907,214Ra,3478.4,2.79e-07
1908,214Ra,4146.8,2.2500000000000002e-07
1909,214Ra,6577.0,1.28e-07
1910,214Th,2181.0,1.24e-06
1911,215Fr,3068.9,1.46e-08
1912,215Fr,3462.3,2.29e-08
1913,215Ra,773.0,6.72e-08
1914,215Ra,1821.2,2.5000000000000002e-08
1915,215Ra,1877.8,7.29e-06
1916,215Ra,2246.9,1.3899999999999998e-06
1917,215Ac,1621.0,3.0000000000000004e-08
1918,215Ac,1796.0,1.85e-07
1919,216Pb,1514.0,4e-07
1920,216Bi,24.0,396.0
1921,216Fr,133.3,7.1e-08
1922,216Fr,219.0,8.5e-07
1923,216Ac,48.0,0.000441
1924,216Th,2040.0,0.000134
1925,216Th,2646.8,5.8e-07
1926,216Th,3681.4,7.4e-07
1927,216U,2240.0,0.00074
1928,217Ac,2013.0,7.4e-07
1929,217Th,673.8,1.41e-07
1930,218Fr,86.0,0.022
1931,218U,2105.0,0.0005600000000000001
1932,219Rn,4.47,1.5400000000000002e-08
1933,227Ac,27.37,3.83e-08
1934,229Ra,142.67,1.7230000000000003e-08
1935,229Pa,11.6,4.2e-07
1936,231Ra,66.21,5.3e-05
1937,231Ac,116.0,1.4300000000000002e-08
1938,231Pa,84.2148,4.510000000000001e-08
1939,233Th,1850.0,5.0000000000000004e-08
1940,233Pa,86.468,3.57e-08
1941,234U,1421.257,3.35e-05
1942,235U,0.0765,1560.0
1943,235U,2500.0,0.0036000000000000003
1944,235Pu,3000.0,2.5000000000000002e-08
1945,236U,1052.5,1.0000000000000001e-07
1946,236U,2750.0,1.2000000000000002e-07
1947,236Pu,1185.45,1.2e-06
1948,236Pu,4000.0,3.4e-08
1949,237U,274.0,1.55e-07
1950,237Np,59.54092,6.72e-08
1951,237Np,945.2,7.1e-07
1952,237Np,2800.0,4.5000000000000006e-08
1953,237Pu,145.543,0.18
1954,237Pu,2600.0,9.700000000000001e-08
1955,237Pu,2900.0,1.1e-06
1956,238U,2557.9,2.8e-07
1957,238Np,2300.0,1.1200000000000001e-07
1958,239U,133.7991,7.799999999999999e-07
1959,239Pu,391.584,1.9300000000000002e-07
1960,239Pu,3100.0,7.499999999999999e-06
1961,239Am,2500.0,1.6300000000000002e-07
1962,240Pu,1308.74,1.65e-07
1963,240Am,3000.0,0.00094
1964,241Pu,161.6852,8.799999999999999e-07
1965,242Am,48.6,4446576000.0
1966,242Am,2200.0,0.014
1967,243Pu,383.64,3.3e-07
1968,243Pu,1700.0,4.6e-08
1969,243Am,2300.0,5.5e-06
1970,243Cm,87.4,1.08e-06
1971,243Cm,1900.0,4.2000000000000006e-08
1972,244Am,88.6,1560.0
1973,244Cm,1040.188,0.034
1974,245Pu,264.5,3.3e-07
1975,245Pu,2000.0,9.000000000000001e-08
1976,245Am,2400.0,6.4e-07
1977,245Cm,355.92,2.9e-07
1978,245Cm,2100.0,1.32e-08
1979,247Cm,227.38,2.63e-05
1980,247Cm,404.9,1.006e-07
1981,247Fm,45.0,5.1
1982,249Cm,48.76,2.3e-05
1983,249Cm,375.23,1.9e-08
1984,249Bk,8.777,0.0003
1985,249Cf,144.98,4.4999999999999996e-05
1986,250Bk,35.59,2.9e-05
1987,250Bk,83.88,0.000213
1988,250Bk,97.48,3.8e-08
1989,250Bk,175.13,4.2000000000000006e-08
1990,250Fm,1199.2,1.92
1991,251Bk,35.5,5.8e-05
1992,251Cf,106.309,3.8e-08
1993,251Cf,370.47,1.3e-06
1994,251Fm,200.0,2.11e-05
1995,251Fm,391.8,2.2000000000000002e-08
1996,251No,106.0,1.02
1997,252No,1253.1,0.109
1998,253No,167.5,3.11e-05
1999,254Es,84.2,141480.0
2000,254No,1297.1,0.263
2001,254No,2930.2,0.000184
2002,255Lr,38.0,2.54
2003,256Fm,1425.5,0.07
2004,257Rf,73.0,4.4
2005,257Rf,1083.2,0.000106
2006,261Rf,227.0,2.6
