Parent_Isotope,Energy_keV
100Ag,22.76
100Cd,17.07
100In,11.38
100Kr,45.519999999999996
100Mo,11.38
100Nb,17.07
100Pd,25.150000000000002
100Rb,39.83
100Rh,349.15
100Sn,5.69
100Sr,34.14
100Tc,5.69
100Y,28.450000000000003
100Zr,22.76
101Ag,22.76
101Cd,17.07
101In,11.38
101Kr,306.14
101Mo,272.0
101Nb,277.69
101Pd,241.26
101Rb,300.45
101Rh,243.79
101Sn,5.69
101Sr,294.76
101Tc,201.0
101Y,289.07
101Zr,283.38
102Ag,767.0700000000002
102Cd,17.07
102In,11.38
102Mo,11.38
102Nb,17.07
102Rb,39.83
102Rh,2.39
102Sn,5.69
102Sr,34.14
102Tc,5.69
102Y,28.450000000000003
102Zr,22.76
103Ag,190.07
103Cd,17.07
103In,11.38
103Mo,41.58
103Nb,47.269999999999996
103Pd,192.45999999999998
103Rb,70.03
103Ru,30.2
103Sn,5.69
103Sr,64.34
103Tc,35.89
103Y,58.650000000000006
103Zr,52.96
104Ag,267.68
104Cd,19.680000000000003
104In,17.07
104Mo,499.69
104Nb,505.38
104Rb,528.14
104Rh,5.69
104Sb,5.69
104Sn,11.38
104Sr,522.45
104Tc,494.0
104Y,516.76
104Zr,511.07
105Ag,30.950000000000006
105Cd,28.450000000000003
105In,22.76
105Mo,98.48
105Nb,104.17
105Rh,33.0
105Ru,87.1
105Sb,11.38
105Sn,17.07
105Sr,121.24000000000001
105Tc,92.78999999999999
105Te,5.69
105Y,115.55000000000001
105Zr,109.86
106Ag,636.1
106In,22.76
106Mo,171.41
106Nb,177.1
106Rh,150.0
106Ru,160.03
106Sb,11.38
106Sn,17.07
106Sr,194.17000000000002
106Tc,165.72
106Te,5.69
106Y,188.48000000000002
106Zr,182.79
107Cd,170.25
107I,5.69
107In,28.450000000000003
107Mo,133.37
107Nb,139.06
107Pd,9.3
107Rh,116.3
107Ru,121.99
107Sb,17.07
107Sn,22.76
107Sr,156.13
107Tc,127.67999999999999
107Te,11.38
107Y,150.44
107Zr,144.75
108Ag,2.5
108I,11.38
108In,34.14
108Mo,22.76
108Nb,28.450000000000003
108Rh,5.69
108Ru,11.38
108Sb,22.76
108Sn,28.450000000000003
108Tc,17.07
108Te,17.07
108Xe,5.69
108Y,39.83
108Zr,34.14
109Cd,385.06
109I,11.38
109In,382.45
109Mo,92.06
109Nb,97.75
109Pd,69.3
109Rh,74.99
109Ru,80.67999999999999
109Sb,22.76
109Sn,28.450000000000003
109Tc,86.37
109Te,17.07
109Xe,5.69
109Y,109.13
109Zr,103.44
10Be,202.64
10C,11.38
10He,214.01999999999998
10Li,208.32999999999998
10N,5.69
110Ag,21.8
110I,11.38
110In,226.6
110Mo,22.76
110Nb,28.450000000000003
110Rh,5.69
110Ru,11.38
110Sb,22.76
110Sn,25.600000000000005
110Tc,17.07
110Te,17.07
110Xe,5.69
110Zr,34.14
111Ag,5.69
111Cs,5.69
111I,17.07
111In,668.1700000000003
111Mo,34.14
111Nb,39.83
111Pd,11.38
111Rh,17.07
111Ru,22.76
111Sb,28.450000000000003
111Sn,665.4500000000003
111Tc,28.450000000000003
111Te,22.76
111Xe,11.38
111Zr,45.519999999999996
112Ag,187.0
112Cs,5.69
112I,17.07
112In,424.1
112Mo,215.45
112Nb,221.14
112Pd,192.69
112Rh,198.38
112Ru,204.07
112Sb,28.450000000000003
112Tc,209.76
112Te,22.76
112Xe,11.38
112Zr,226.82999999999998
113Ag,5.69
113Ba,5.69
113Cs,11.38
113I,22.76
113Mo,34.14
113Nb,39.83
113Pd,11.38
113Rh,17.07
113Ru,22.76
113Sb,34.14
113Sn,36.980000000000004
113Tc,28.450000000000003
113Te,28.450000000000003
113Xe,17.07
113Zr,45.519999999999996
114Ag,5.69
114Ba,5.69
114Cs,11.38
114I,22.76
114In,2.72
114Mo,34.14
114Nb,39.83
114Pd,11.38
114Rh,17.07
114Ru,22.76
114Sb,34.14
114Tc,28.450000000000003
114Te,28.450000000000003
114Xe,17.07
115Ag,124.4
115Ba,5.69
115Cd,71.4
115Cs,11.38
115I,22.76
115Mo,152.85000000000002
115Nb,158.54000000000002
115Pd,130.09
115Rh,135.78
115Ru,141.47
115Sb,357.45
115Tc,147.16000000000003
115Te,28.450000000000003
115Xe,17.07
116Ag,98.88
116Ba,11.38
116Cd,93.19
116Cs,17.07
116I,28.450000000000003
116In,87.5
116La,5.69
116Mo,127.33
116Nb,133.01999999999998
116Pd,104.57
116Rh,110.26
116Ru,115.95
116Sb,711.4500000000003
116Tc,121.64
116Te,234.45
116Xe,22.76
117Ag,283.69
117Ba,11.38
117Cd,278.0
117Cs,17.07
117I,28.450000000000003
117In,245.0
117La,5.69
117Mo,312.14
117Pd,289.38
117Rh,295.07
117Ru,300.76
117Sb,292.14
117Tc,306.45
117Te,34.14
117Xe,22.76
118Ag,17.07
118Ba,11.38
118Cd,11.38
118Cs,17.07
118I,28.450000000000003
118In,5.69
118La,5.69
118Mo,45.519999999999996
118Pd,22.76
118Rh,28.450000000000003
118Ru,34.14
118Sb,178.32
118Tc,39.83
118Te,31.520000000000003
118Xe,22.76
119Ag,527.38
119Ba,17.07
119Cd,521.69
119Ce,5.69
119Cs,22.76
119I,34.14
119In,516.0
119La,11.38
119Mo,555.83
119Pd,533.07
119Rh,538.76
119Ru,544.45
119Sb,42.78
119Tc,550.14
119Te,39.83
119Xe,28.450000000000003
11Be,5.69
11C,396.98
11Li,11.38
11N,11.38
11O,5.69
120Ag,17.07
120Ba,17.07
120Cd,11.38
120Ce,5.69
120Cs,22.76
120I,1213.4600000000003
120In,5.69
120La,11.38
120Pd,22.76
120Rh,28.450000000000003
120Ru,34.14
120Sb,2.95
120Tc,39.83
120Xe,244.76
121Ag,138.57
121Ba,22.76
121Cd,132.88
121Ce,11.38
121Cs,28.450000000000003
121I,481.45
121In,127.19
121La,17.07
121Pd,144.26
121Pr,5.69
121Rh,149.95
121Ru,155.64
121Sn,121.5
121Tc,161.32999999999998
121Te,484.52
121Xe,274.45
122Ag,17.07
122Ba,22.76
122Cd,11.38
122Ce,11.38
122Cs,28.450000000000003
122I,437.46
122In,5.69
122La,17.07
122Pd,22.76
122Pr,5.69
122Rh,28.450000000000003
122Ru,34.14
122Sb,2.95
122Tc,39.83
122Xe,31.760000000000005
123Ag,107.57
123Ba,22.76
123Cd,101.88
123Ce,11.38
123Cs,28.450000000000003
123I,224.64
123In,96.19
123La,17.07
123Pd,113.26
123Pr,5.69
123Rh,118.95
123Ru,124.64
123Sn,90.5
123Xe,221.45
124Ag,17.07
124Ba,28.450000000000003
124Cd,11.38
124Ce,17.07
124Cs,34.14
124I,3.19
124In,5.69
124La,22.76
124Nd,5.69
124Pd,22.76
124Pr,11.38
124Rh,28.450000000000003
124Ru,34.14
124Sb,3.07
125Ag,60.57
125Ba,28.450000000000003
125Cd,54.88
125Ce,17.07
125Cs,371.45
125I,557.9400000000003
125In,49.19
125La,22.76
125Nd,5.69
125Pd,66.25999999999999
125Pr,11.38
125Rh,71.95
125Ru,77.64
125Sb,24.9
125Sn,43.5
125Xe,554.7500000000002
126Ag,139.07
126Ba,34.14
126Cd,133.38
126Ce,22.76
126Cs,489.14
126I,216.8
126In,127.69
126La,28.450000000000003
126Nd,11.38
126Pd,144.76
126Pm,5.69
126Pr,17.07
126Rh,150.45
126Sb,52.0
126Sn,122.0
127Ag,244.37
127Ba,34.14
127Cd,238.68
127Ce,22.76
127Cs,254.14
127In,232.99
127La,28.450000000000003
127Nd,11.38
127Pd,250.06
127Pm,5.69
127Pr,17.07
127Rh,255.75
127Sb,135.3
127Sn,227.3
127Te,79.5
127Xe,257.45
128Ag,334.95
128Ba,37.69
128Cd,329.26
128Ce,28.450000000000003
128Cs,450.69
128I,167.5
128In,323.57
128La,34.14
128Nd,17.07
128Pd,340.64
128Pm,11.38
128Pr,22.76
128Rh,346.33
128Sb,178.88
128Sm,5.69
128Sn,317.88
128Te,173.19
129Ag,187.16
129Ba,39.83
129Cd,181.47
129Ce,28.450000000000003
129Cs,43.260000000000005
129I,40.9
129In,175.78
129La,34.14
129Nd,17.07
129Pd,192.85
129Pm,11.38
129Pr,22.76
129Sb,164.4
129Sm,5.69
129Sn,170.09
129Te,96.4
12B,5.69
12Be,11.38
12N,11.38
12O,5.69
130Ag,239.45
130Cd,233.76
130Ce,34.14
130Cs,656.0
130Eu,5.69
130I,47.0
130In,228.07
130La,39.83
130Nd,22.76
130Pd,245.14
130Pm,17.07
130Pr,28.450000000000003
130Sb,216.69
130Sm,11.38
130Sn,222.38
130Te,52.69
131Ag,294.82
131Ba,246.80999999999997
131Cd,289.13
131Ce,34.14
131Cs,250.23999999999998
131Eu,5.69
131I,69.36
131In,283.44
131La,243.14
131Nd,22.76
131Pd,300.51
131Pm,17.07
131Pr,28.450000000000003
131Sb,272.06
131Sm,11.38
131Sn,277.75
131Te,108.06
132Ag,329.85
132Cd,324.15999999999997
132Ce,34.14
132Cs,206.0
132Eu,5.69
132I,242.0
132In,318.47
132La,381.14
132Nd,22.76
132Pm,17.07
132Pr,28.450000000000003
132Sb,307.09000000000003
132Sm,11.38
132Sn,312.78
132Te,301.4
133Ba,49.19
133Cd,128.19
133Ce,39.83
133Eu,11.38
133Gd,5.69
133I,49.43
133In,122.5
133La,45.519999999999996
133Nd,28.450000000000003
133Pm,22.76
133Pr,34.14
133Sb,111.12
133Sm,17.07
133Sn,116.81
133Te,105.43
133Xe,3.43
134Cd,370.76
134Ce,37.94
134Cs,3.55
134Eu,11.38
134Gd,5.69
134I,211.0
134In,365.07
134La,716.9400000000003
134Nd,28.450000000000003
134Pm,22.76
134Pr,34.14
134Sb,353.69
134Sm,17.07
134Sn,359.38
134Te,348.0
135Ce,43.769999999999996
135Cs,3.55
135Eu,17.07
135Gd,11.38
135I,86.55
135In,109.31
135La,47.44
135Nd,34.14
135Pm,28.450000000000003
135Pr,39.83
135Sb,97.92999999999999
135Sm,22.76
135Sn,103.61999999999999
135Tb,5.69
135Te,92.24
135Xe,26.55
136Cs,47.2
136Eu,17.07
136Gd,11.38
136I,58.580000000000005
136In,81.34
136La,5.69
136Nd,313.45
136Pm,28.450000000000003
136Pr,651.4500000000003
136Sb,69.96000000000001
136Sm,22.76
136Sn,75.65
136Tb,5.69
136Te,64.27000000000001
136Xe,52.89
137Ce,423.08
137Cs,174.32
137Eu,17.07
137Gd,11.38
137I,185.7
137In,208.45999999999998
137La,426.75
137Nd,34.14
137Pm,28.450000000000003
137Pr,419.14
137Sb,197.07999999999998
137Sm,22.76
137Sn,202.76999999999998
137Tb,5.69
137Te,191.39
137Xe,180.01
138Cs,244.0
138Dy,5.69
138Eu,22.76
138Gd,17.07
138I,323.69
138La,96.0
138Nd,38.22
138Pm,34.14
138Pr,439.21999999999997
138Sb,335.07
138Sm,28.450000000000003
138Sn,340.76
138Tb,11.38
138Te,329.38
138Xe,318.0
139Ba,277.0
139Ce,863.7400000000004
139Cs,282.69
139Dy,5.69
139Eu,22.76
139Gd,17.07
139I,294.07
139Nd,359.14
139Pm,34.14
139Pr,859.9400000000003
139Sb,305.45
139Sm,28.450000000000003
139Sn,311.14
139Tb,11.38
139Te,299.76
139Xe,288.38
13B,5.69
13Be,11.38
13Li,17.07
13N,497.51
13O,5.69
140Ba,217.4
140Cs,223.09
140Dy,11.38
140Eu,28.450000000000003
140Gd,22.76
140Ho,5.69
140I,234.47
140La,81.4
140Nd,43.91
140Pm,39.83
140Pr,1110.9100000000003
140Sb,245.85
140Sm,34.14
140Sn,251.54
140Tb,17.07
140Te,240.16
140Xe,228.78
141Ba,327.0
141Ce,130.0
141Cs,332.69
141Dy,11.38
141Eu,28.450000000000003
141Gd,22.76
141Ho,5.69
141I,344.07
141La,179.0
141Nd,769.6800000000003
141Pm,765.4500000000003
141Sb,355.45
141Sm,486.45
141Tb,17.07
141Te,349.76
141Xe,338.38
142Ba,353.4
142Cs,359.09000000000003
142Dy,17.07
142Er,5.69
142Eu,34.14
142Gd,28.450000000000003
142Ho,11.38
142I,370.47
142La,142.4
142Pm,1187.1400000000003
142Pr,19.6
142Sb,381.85
142Sm,517.14
142Tb,22.76
142Te,376.15999999999997
142Xe,364.78
143Ba,477.29
143Ce,331.6
143Cs,482.98
143Dy,17.07
143Er,5.69
143Eu,34.14
143Gd,28.450000000000003
143Ho,11.38
143I,494.36
143La,471.6
143Pm,44.06
143Pr,315.1
143Sm,39.83
143Tb,22.76
143Te,500.05
143Xe,488.67
144Ba,328.18
144Ce,316.8
144Cs,333.87
144Dy,22.76
144Er,11.38
144Eu,11.38
144Gd,5.69
144Ho,17.07
144I,345.25
144La,322.49
144Pm,4.23
144Pr,266.6
144Te,350.94000000000005
144Tm,5.69
144Xe,339.56000000000006
145Ba,95.47
145Ce,84.09
145Cs,101.16000000000001
145Dy,22.76
145Er,11.38
145Eu,815.4500000000003
145Gd,470.45
145Ho,17.07
145I,112.54
145La,89.78
145Pm,824.0600000000003
145Pr,78.4
145Sm,819.8300000000003
145Tb,28.450000000000003
145Te,118.23
145Tm,5.69
145Xe,106.85000000000001
146Ba,22.76
146Ce,11.38
146Cs,28.450000000000003
146Dy,22.76
146Er,11.38
146Eu,1242.4500000000003
146Gd,1042.4500000000003
146Ho,17.07
146I,39.83
146La,17.07
146Pm,3745.9500000000003
146Pr,5.69
146Sm,3702.4500000000003
146Tb,1037.7600000000002
146Tm,5.69
146Xe,34.14
147Ba,3954.3900000000003
147Ce,3943.01
147Cs,3960.0800000000004
147Dy,22.76
147Er,11.38
147Eu,1512.7600000000002
147Gd,1270.7600000000002
147Ho,17.07
147I,3971.46
147La,3948.7000000000003
147Nd,3865.32
147Pm,3807.7200000000003
147Pr,3937.32
147Sm,3745.76
147Tb,779.7600000000002
147Tm,5.69
147Xe,3965.7700000000004
148Ba,22.76
148Ce,11.38
148Cs,28.450000000000003
148Dy,28.450000000000003
148Er,17.07
148Eu,3619.82
148Gd,3216.82
148Ho,22.76
148La,17.07
148Pm,123.0
148Pr,5.69
148Tb,34.14
148Tm,11.38
148Xe,34.14
148Yb,5.69
149Ba,126.26
149Ce,114.88
149Cs,131.95
149Dy,28.450000000000003
149Er,17.07
149Eu,4004.67
149Gd,4000.1400000000003
149Ho,22.76
149La,120.57
149Nd,103.5
149Pm,51.5
149Pr,109.19
149Tb,3995.4500000000003
149Tm,11.38
149Xe,137.64
149Yb,5.69
14B,55.16
14Be,60.85
14C,49.47
14F,5.69
14O,70.06
150Ba,65.45
150Ce,54.07
150Cs,71.14
150Dy,34.14
150Er,22.76
150Eu,329.36
150Gd,324.83
150Ho,28.450000000000003
150La,59.760000000000005
150Lu,5.69
150Nd,42.69
150Pm,37.0
150Pr,48.38
150Tb,319.14
150Tm,17.07
150Xe,76.83
150Yb,11.38
151Ba,336.14
151Ce,324.76
151Cs,341.83
151Dy,34.14
151Er,22.76
151Eu,216.71999999999997
151Gd,211.02999999999997
151Ho,28.450000000000003
151La,330.45
151Lu,5.69
151Nd,313.38
151Pm,276.68
151Pr,319.06999999999994
151Sm,230.67999999999998
151Tb,206.33999999999997
151Tm,17.07
151Yb,11.38
152Ba,34.14
152Ce,22.76
152Cs,39.83
152Dy,34.14
152Er,22.76
152Eu,28.4
152Ho,28.450000000000003
152La,28.450000000000003
152Lu,5.69
152Nd,11.38
152Pm,5.69
152Pr,17.07
152Tb,39.83
152Tm,17.07
152Yb,11.38
153Ba,59.44
153Ce,48.06
153Dy,39.83
153Er,28.450000000000003
153Gd,209.21999999999997
153Hf,5.69
153Ho,34.14
153La,53.75
153Lu,11.38
153Nd,36.68
153Pm,30.990000000000002
153Pr,42.370000000000005
153Sm,25.3
153Tb,204.52999999999997
153Tm,22.76
153Yb,17.07
154Ba,34.14
154Ce,22.76
154Dy,39.83
154Er,28.450000000000003
154Eu,34.5
154Hf,5.69
154Ho,34.14
154La,28.450000000000003
154Lu,11.38
154Nd,11.38
154Pm,5.69
154Pr,17.07
154Tb,211.82999999999998
154Tm,22.76
154Yb,17.07
155Ce,143.76000000000002
155Dy,822.6400000000003
155Er,34.14
155Eu,27.8
155Hf,11.38
155Ho,432.14
155La,149.45000000000002
155Lu,17.07
155Nd,132.38
155Pm,126.69
155Pr,138.07000000000002
155Sm,121.0
155Ta,5.69
155Tb,824.7500000000003
155Tm,28.450000000000003
155Yb,22.76
156Ce,185.76
156Er,34.14
156Eu,38.0
156Hf,11.38
156Ho,39.83
156La,191.45
156Lu,17.07
156Nd,174.38
156Pm,168.69
156Pr,180.07
156Sm,163.0
156Ta,5.69
156Tb,4.84
156Tm,28.450000000000003
156Yb,22.76
157Ce,219.25
157Dy,337.83
157Er,39.83
157Eu,190.8
157Hf,17.07
157Ho,332.83
157La,224.94
157Lu,22.76
157Nd,207.87
157Pm,202.18
157Pr,213.56
157Sm,196.49
157Ta,11.38
157Tb,342.091
157Tm,34.14
157W,5.69
157Yb,28.450000000000003
158Ce,223.45
158Er,39.83
158Eu,195.0
158Hf,17.07
158Ho,45.519999999999996
158Lu,22.76
158Nd,212.07
158Pm,206.38
158Pr,217.76
158Sm,200.69
158Ta,11.38
158Tb,193.3
158Tm,34.14
158W,5.69
158Yb,28.450000000000003
159Dy,253.51999999999998
159Er,45.519999999999996
159Eu,36.089999999999996
159Gd,30.4
159Hf,22.76
159Ho,248.51999999999998
159Lu,28.450000000000003
159Nd,53.16
159Pm,47.47
159Pr,58.85
159Re,5.69
159Sm,41.78
159Ta,17.07
159Tm,39.83
159W,11.38
159Yb,34.14
15B,11.38
15Be,17.07
15C,5.69
15F,11.38
15Ne,5.69
15O,746.6600000000001
160Er,45.519999999999996
160Eu,5.69
160Hf,22.76
160Ho,51.209999999999994
160Lu,28.450000000000003
160Nd,22.76
160Pm,17.07
160Pr,28.450000000000003
160Re,5.69
160Sm,11.38
160Ta,17.07
160Tb,85.0
160Tm,39.83
160W,11.38
160Yb,34.14
161Er,47.53
161Eu,21.98
161Gd,16.29
161Hf,28.450000000000003
161Ho,50.94199999999999
161Lu,34.14
161Nd,39.050000000000004
161Os,5.69
161Pm,33.36
161Pr,44.74
161Re,11.38
161Sm,27.67
161Ta,22.76
161Tb,10.6
161Tm,45.519999999999996
161W,17.07
161Yb,39.83
162Gd,11.38
162Hf,28.450000000000003
162Ho,2.18
162Lu,34.14
162Nd,17.07
162Os,5.69
162Pm,11.38
162Re,11.38
162Sm,5.69
162Ta,22.76
162Tb,5.69
162Tm,1053.8100000000002
162W,17.07
162Yb,39.81
163Er,51.209999999999994
163Eu,17.07
163Gd,11.38
163Hf,28.450000000000003
163Ho,56.89999999999999
163Lu,34.14
163Nd,34.14
163Os,5.69
163Pm,28.450000000000003
163Re,11.38
163Sm,22.76
163Ta,22.76
163Tb,5.69
163Tm,45.519999999999996
163W,17.07
163Yb,39.83
164Eu,17.07
164Gd,11.38
164Hf,34.14
164Ho,306.2
164Ir,5.69
164Lu,39.83
164Os,11.38
164Pm,28.450000000000003
164Re,17.07
164Sm,22.76
164Ta,28.450000000000003
164Tb,5.69
164Tm,51.209999999999994
164W,22.76
164Yb,45.519999999999996
165Dy,56.6
165Er,62.22999999999999
165Eu,73.67
165Gd,67.98
165Hf,39.83
165Ir,11.38
165Lu,45.519999999999996
165Os,17.07
165Pm,85.05000000000001
165Pt,5.69
165Re,22.76
165Sm,79.36
165Ta,34.14
165Tb,62.29
165Tm,56.89999999999999
165W,28.450000000000003
165Yb,51.209999999999994
166Dy,22.299999999999997
166Eu,39.370000000000005
166Gd,33.68
166Hf,39.83
166Ho,8.2
166Ir,11.38
166Lu,45.519999999999996
166Os,17.07
166Pt,5.69
166Re,22.76
166Sm,45.06
166Ta,34.14
166Tb,27.99
166Tm,584.1900000000004
166W,28.450000000000003
166Yb,51.19
167Dy,78.69
167Eu,95.76
167Gd,90.07
167Hf,39.83
167Ho,73.0
167Ir,11.38
167Lu,45.519999999999996
167Os,17.07
167Pt,5.69
167Re,22.76
167Sm,101.45
167Ta,34.14
167Tb,84.38
167Tm,353.32
167W,28.450000000000003
167Yb,347.82
168Dy,11.38
168Eu,28.450000000000003
168Gd,22.76
168Hf,39.83
168Ho,5.69
168Ir,11.38
168Lu,45.519999999999996
168Os,17.07
168Pt,5.69
168Re,22.76
168Sm,34.14
168Ta,34.14
168Tb,17.07
168Tm,5.69
168W,28.450000000000003
169Au,5.69
169Dy,109.47999999999999
169Er,98.1
169Eu,126.55
169Gd,120.86
169Hf,45.519999999999996
169Ho,103.78999999999999
169Ir,17.07
169Lu,454.82
169Os,22.76
169Pt,11.38
169Re,28.450000000000003
169Ta,39.83
169Tb,115.16999999999999
169W,34.14
169Yb,458.5512
16Be,5.69
16C,11.38
16F,5.69
16N,5.69
170Au,11.38
170Dy,11.38
170Gd,22.76
170Hf,17.400000000000002
170Hg,5.69
170Ho,5.69
170Ir,22.76
170Lu,445.4
170Os,28.450000000000003
170Pt,17.07
170Ta,11.38
170Tb,17.07
170Tm,290.5
170W,5.69
171Au,11.38
171Dy,44.88
171Er,33.5
171Gd,56.260000000000005
171Hf,51.209999999999994
171Hg,5.69
171Ho,39.19
171Ir,22.76
171Lu,56.59799999999999
171Os,28.450000000000003
171Pt,17.07
171Re,34.14
171Ta,45.519999999999996
171Tb,50.57
171Tm,7.5
171W,39.83
172Au,11.38
172Dy,84.18
172Er,72.8
172Gd,95.56
172Hf,702.8700000000003
172Hg,5.69
172Ho,78.49
172Ir,22.76
172Lu,1268.4700000000003
172Os,28.450000000000003
172Pt,17.07
172Re,34.14
172Ta,698.8300000000004
172Tb,89.87
172Tm,48.4
172W,39.83
173Au,11.38
173Dy,289.46999999999997
173Er,278.09
173Hf,47.699
173Hg,5.69
173Ho,283.78
173Ir,22.76
173Lu,48.539
173Os,28.450000000000003
173Pt,17.07
173Re,34.14
173Ta,45.519999999999996
173Tb,295.15999999999997
173Tm,272.4
173W,39.83
174Au,11.38
174Dy,22.76
174Er,11.38
174Hg,5.69
174Ho,17.07
174Ir,22.76
174Lu,177.0
174Os,28.450000000000003
174Pt,17.07
174Re,34.14
174Ta,573.8300000000004
174Tb,28.450000000000003
174Tm,5.69
174W,39.83
175Au,11.38
175Dy,107.77
175Er,96.39
175Hf,345.84999999999997
175Hg,5.69
175Ho,102.08
175Ir,22.76
175Os,28.450000000000003
175Pt,17.07
175Re,34.14
175Ta,339.83
175Tm,90.7
175W,39.83
175Yb,18.7
176Au,17.07
176Dy,22.76
176Er,11.38
176Hg,11.38
176Ho,17.07
176Ir,28.450000000000003
176Lu,52.8
176Os,34.14
176Pt,22.76
176Re,39.83
176Ta,433.52
176Tl,5.69
176Tm,5.69
176W,45.519999999999996
177Au,17.07
177Er,67.68
177Hg,11.38
177Ho,73.37
177Ir,28.450000000000003
177Lu,40.5
177Os,34.14
177Pt,22.76
177Re,834.1400000000003
177Ta,1070.3200000000004
177Tl,5.69
177Tm,61.99
177W,1064.1400000000003
177Yb,56.3
178Au,22.76
178Er,206.57
178Hg,17.07
178Ho,212.26
178Ir,34.14
178Lu,189.5
178Os,39.83
178Pb,5.69
178Pt,28.450000000000003
178Re,844.8300000000004
178Ta,1224.1800000000003
178Tl,11.38
178Tm,200.88
178W,851.1800000000004
178Yb,195.19
179Au,22.76
179Er,72.97
179Hg,17.07
179Ir,34.14
179Lu,55.9
179Os,39.83
179Pb,5.69
179Pt,28.450000000000003
179Re,45.519999999999996
179Ta,58.04999999999999
179Tl,11.38
179Tm,67.28
179W,51.87
179Yb,61.589999999999996
17B,17.07
17C,11.38
17F,354.96999999999997
17N,5.69
17Ne,5.69
180Au,22.76
180Er,22.76
180Hg,17.07
180Ir,34.14
180Lu,5.69
180Os,40.84
180Pb,5.69
180Pt,28.450000000000003
180Re,478.84
180Ta,670.3300000000004
180Tl,11.38
180Tm,17.07
180W,484.53
180Yb,11.38
181Au,22.76
181Hf,119.4
181Hg,17.07
181Ir,34.14
181Lu,125.09
181Os,334.14
181Pb,5.69
181Pt,28.450000000000003
181Re,336.32
181Tl,11.38
181Tm,136.47
181W,342.66999999999996
181Yb,130.78
182Au,22.76
182Hf,36.35
182Hg,17.07
182Ir,34.14
182Lu,42.04
182Os,40.84
182Pb,5.69
182Pt,28.450000000000003
182Re,46.79
182Ta,6.35
182Tl,11.38
182Yb,47.730000000000004
183Au,22.76
183Hf,194.0
183Hg,17.07
183Ir,34.14
183Lu,199.69
183Os,39.83
183Pb,5.69
183Pt,28.450000000000003
183Re,45.519999999999996
183Ta,132.0
183Tl,11.38
183Yb,205.38
184Au,28.450000000000003
184Bi,5.69
184Hf,336.0
184Hg,22.76
184Ir,37.14000000000001
184Lu,341.69
184Pb,11.38
184Pt,34.14
184Re,6.53
184Ta,107.0
184Tl,17.07
184Yb,347.38
185Au,28.450000000000003
185Bi,5.69
185Hf,409.78999999999996
185Hg,22.76
185Ir,41.02
185Lu,415.48
185Os,47.72
185Pb,11.38
185Pt,34.14
185Ta,404.1
185Tl,17.07
185W,97.1
185Yb,421.16999999999996
186Au,34.14
186Bi,11.38
186Hf,595.69
186Hg,28.450000000000003
186Ir,386.2
186Lu,601.38
186Pb,17.07
186Po,5.69
186Pt,41.2
186Re,84.9
186Ta,590.0
186Tl,22.76
187Au,11.38
187Bi,11.38
187Hf,33.339999999999996
187Hg,5.69
187Ir,247.07
187Lu,39.03
187Pb,17.07
187Po,5.69
187Pt,17.07
187Re,0.66
187Ta,27.650000000000002
187W,21.96
188Au,34.14
188Bi,11.38
188Hf,32.980000000000004
188Hg,28.450000000000003
188Ir,571.2000000000003
188Lu,38.67
188Pb,17.07
188Po,5.69
188Pt,41.2
188Re,6.7
188Ta,27.29
188Tl,22.76
188W,21.6
189Au,34.14
189Bi,11.38
189Hf,99.07
189Hg,28.450000000000003
189Ir,340.02
189Pb,17.07
189Po,5.69
189Pt,333.14
189Re,82.0
189Ta,93.38
189Tl,22.76
189W,87.69
18C,11.38
18F,261.18
18N,5.69
18Na,5.69
18Ne,11.38
190Au,34.14
190Bi,11.38
190Hf,22.76
190Hg,28.450000000000003
190Ir,46.71
190Pb,17.07
190Po,5.69
190Pt,39.83
190Re,5.69
190Ta,17.07
190Tl,22.76
190W,11.38
191At,5.69
191Au,39.83
191Bi,17.07
191Hg,34.14
191Os,37.8
191Pb,22.76
191Po,11.38
191Pt,46.117
191Re,43.489999999999995
191Ta,54.87
191Tl,28.450000000000003
191W,49.18
192At,5.69
192Au,39.83
192Bi,17.07
192Hg,34.14
192Ir,21.1
192Pb,22.76
192Po,11.38
192Re,5.69
192Ta,17.07
192Tl,28.450000000000003
192W,11.38
193At,11.38
193Au,369.38
193Bi,22.76
193Hg,362.14
193Os,73.9
193Pb,28.450000000000003
193Po,17.07
193Pt,376.44
193Re,79.59
193Rn,5.69
193Ta,90.97
193Tl,34.14
193W,85.28
194At,11.38
194Au,1488.8700000000003
194Bi,22.76
194Hg,960.8700000000002
194Ir,69.7
194Os,73.3
194Pb,28.450000000000003
194Po,17.07
194Re,78.99000000000001
194Rn,5.69
194Ta,90.37
194Tl,953.4500000000003
194W,84.68
195At,11.38
195Au,998.3700000000002
195Bi,22.76
195Hg,991.1300000000002
195Ir,296.0
195Os,301.69
195Pb,622.7600000000002
195Po,17.07
195Re,307.38
195Rn,5.69
195Tl,989.7600000000002
195W,313.07
196At,11.38
196Au,5.69
196Bi,22.76
196Ir,5.69
196Os,11.38
196Pb,28.450000000000003
196Po,17.07
196Re,17.07
196Rn,5.69
196Tl,34.14
196W,22.76
197At,17.07
197Bi,28.450000000000003
197Fr,5.69
197Hg,310.56
197Ir,227.62
197Os,233.31
197Pb,34.14
197Po,22.76
197Pt,221.93
197Re,239.0
197Rn,11.38
197Tl,303.14
197W,244.69
198At,17.07
198Au,7.42
198Bi,28.450000000000003
198Fr,5.69
198Ir,5.69
198Os,11.38
198Pb,36.230000000000004
198Po,22.76
198Re,17.07
198Rn,11.38
198Tl,326.22999999999996
199At,17.07
199Au,67.21
199Bi,28.450000000000003
199Fr,5.69
199Ir,158.89999999999998
199Os,164.58999999999997
199Pb,556.4500000000003
199Po,22.76
199Pt,153.20999999999998
199Re,170.27999999999997
199Rn,11.38
199Tl,564.0500000000003
19B,169.47
19C,163.78
19Mg,5.69
19N,158.09
19Ne,911.5
19O,152.4
1n,5.69
200At,17.07
200Au,54.0
200Bi,646.4600000000003
200Fr,5.69
200Ir,111.69
200Os,117.38
200Pb,654.2400000000002
200Po,22.76
200Pt,106.0
200Rn,11.38
200Tl,1149.2400000000002
201At,22.76
201Au,23.0
201Bi,518.45
201Fr,11.38
201Ir,34.38
201Os,40.07
201Pb,786.4500000000003
201Po,28.450000000000003
201Pt,28.69
201Ra,5.69
201Rn,17.07
201Tl,794.0500000000003
202At,22.76
202Au,5.69
202Bi,428.45
202Fr,11.38
202Ir,17.07
202Os,22.76
202Pb,436.22999999999996
202Po,28.450000000000003
202Pt,11.38
202Ra,5.69
202Rn,17.07
202Tl,443.83
203At,22.76
203Au,63.39
203Bi,5711.759999999998
203Fr,11.38
203Hg,57.7
203Ir,74.77000000000001
203Os,80.46000000000001
203Pb,5719.539999999998
203Po,5405.759999999998
203Pt,69.08
203Ra,5.69
203Rn,17.07
204At,22.76
204Au,5.69
204Bi,488.45
204Fr,11.38
204Ir,17.07
204Po,28.450000000000003
204Pt,11.38
204Ra,5.69
204Rn,17.07
204Tl,244.03
205Ac,5.69
205At,28.450000000000003
205Au,11.38
205Bi,5708.449999999998
205Fr,17.07
205Hg,5.69
205Ir,22.76
205Pb,5714.139999999998
205Po,5248.449999999998
205Pt,17.07
205Ra,11.38
205Rn,22.76
206Ac,5.69
206At,11.38
206Au,315.28999999999996
206Bi,25.040000000000003
206Hg,309.6
206Po,17.07
206Pt,320.98
206Ra,11.38
206Rn,5.69
206Tl,104.6
207Ac,5.69
207At,5780.759999999998
207Au,169.38
207Bi,11279.260000000002
207Fr,17.07
207Hg,163.69
207Po,10896.160000000002
207Pt,175.07
207Ra,11.38
207Rn,22.76
207Tl,158.0
208Ac,11.38
208At,34.14
208Au,164.07999999999998
208Bi,45.519999999999996
208Fr,22.76
208Hg,158.39
208Po,39.83
208Pt,169.76999999999998
208Ra,17.07
208Rn,28.450000000000003
208Th,5.69
208Tl,152.7
209Ac,11.38
209At,34.14
209Au,5047.709999999997
209Bi,4661.829999999997
209Fr,22.76
209Hg,5042.019999999998
209Pb,4859.329999999997
209Po,4656.139999999998
209Ra,17.07
209Rn,28.450000000000003
209Th,5.69
209Tl,5036.329999999997
20B,28.450000000000003
20C,22.76
20F,5.69
20Mg,5.69
20N,17.07
20Na,11.38
20O,11.38
210Ac,11.38
210At,34.14
210Au,6223.0099999999975
210Bi,5727.4699999999975
210Fr,22.76
210Hg,6217.319999999998
210Pb,5731.629999999997
210Po,5338.4699999999975
210Ra,17.07
210Rn,28.450000000000003
210Th,5.69
210Tl,6211.629999999997
211Ac,17.07
211At,5903.639999999998
211Bi,18750.139999999992
211Fr,28.450000000000003
211Hg,18789.819999999992
211Pa,5.69
211Pb,18778.43999999999
211Po,12471.940000000002
211Ra,22.76
211Rn,34.14
211Th,11.38
211Tl,18784.12999999999
212Ac,17.07
212At,39.83
212Bi,14430.490000000003
212Fr,28.450000000000003
212Hg,14484.170000000004
212Pa,5.69
212Pb,14472.790000000005
212Po,8824.690000000004
212Ra,22.76
212Rn,34.14
212Th,11.38
212Tl,14478.480000000005
213Ac,17.07
213At,39.83
213Bi,13964.730000000003
213Fr,28.450000000000003
213Hg,13981.800000000003
213Pa,5.69
213Pb,13970.420000000004
213Po,8415.730000000003
213Ra,22.76
213Rn,34.14
213Th,11.38
213Tl,13976.110000000002
214Ac,17.07
214At,39.83
214Bi,12394.030000000004
214Fr,28.450000000000003
214Hg,12441.410000000003
214Pa,5.69
214Pb,12430.030000000004
214Po,6942.029999999997
214Ra,22.76
214Rn,34.14
214Th,11.38
214Tl,12435.720000000003
215Ac,22.76
215At,7649.829999999997
215Bi,14602.320000000003
215Fr,34.14
215Hg,14619.390000000005
215Pa,11.38
215Pb,14608.010000000004
215Po,14596.630000000003
215Ra,28.450000000000003
215Rn,39.83
215Th,17.07
215Tl,14613.700000000003
215U,5.69
216Ac,22.76
216At,7279.829999999997
216Bi,14063.820000000003
216Fr,34.14
216Hg,14080.890000000005
216Pa,11.38
216Pb,14069.510000000004
216Po,14058.130000000003
216Ra,28.450000000000003
216Rn,39.83
216Th,17.07
216Tl,14075.200000000003
216U,5.69
217Ac,22.76
217At,6522.829999999997
217Bi,6534.209999999997
217Fr,34.14
217Pa,11.38
217Pb,6539.899999999997
217Po,6528.519999999997
217Ra,28.450000000000003
217Rn,39.83
217Th,17.07
217Tl,6545.589999999997
217U,5.69
218Ac,22.76
218At,13218.340000000004
218Bi,19226.379999999994
218Fr,34.14
218Pa,11.38
218Pb,19232.069999999992
218Po,19220.68999999999
218Ra,28.450000000000003
218Rn,6565.339999999997
218Th,17.07
218Tl,19237.75999999999
218U,5.69
219Ac,28.450000000000003
219At,12996.930000000002
219Bi,13008.310000000001
219Fr,6837.039999999997
219Np,5.69
219Pa,17.07
219Pb,13014.000000000004
219Po,13002.620000000003
219Ra,34.14
219Rn,12991.240000000002
219Th,22.76
219U,11.38
21B,5.69
21F,5.69
21Mg,5.69
21N,17.07
21Na,11.38
21O,11.38
220Ac,28.450000000000003
220At,12090.590000000004
220Bi,12101.970000000003
220Fr,6337.139999999998
220Np,5.69
220Pa,17.07
220Pb,12107.660000000003
220Po,12096.280000000002
220Ra,34.14
220Rn,12084.900000000003
220Th,22.76
220U,11.38
221Ac,34.14
221At,5827.209999999997
221Bi,5838.589999999997
221Fr,5815.829999999997
221Np,11.38
221Pa,22.76
221Po,5832.899999999997
221Pu,5.69
221Ra,39.83
221Rn,5821.519999999997
221Th,28.450000000000003
221U,17.07
222Ac,34.14
222At,11314.830000000002
222Bi,11326.210000000003
222Fr,6322.139999999998
222Np,11.38
222Pa,22.76
222Po,11320.520000000004
222Pu,5.69
222Ra,6271.139999999998
222Rn,11309.140000000003
222Th,28.450000000000003
222U,17.07
223Ac,5931.139999999998
223Am,5.69
223At,11154.020000000004
223Bi,11165.400000000003
223Fr,11142.640000000003
223Np,17.07
223Pa,28.450000000000003
223Po,11159.710000000003
223Pu,11.38
223Ra,11082.440000000002
223Rn,11148.330000000004
223Th,34.14
223U,22.76
224Ac,5746.939999999998
224Am,5.69
224At,11212.610000000004
224Bi,11223.990000000003
224Fr,11201.230000000003
224Np,17.07
224Pa,28.450000000000003
224Po,11218.300000000003
224Pu,11.38
224Ra,11195.540000000005
224Rn,11206.920000000004
224Th,34.14
224U,22.76
225Ac,5245.139999999998
225Am,5.69
225At,5355.209999999997
225Fr,5343.829999999997
225Np,17.07
225Pa,28.450000000000003
225Po,5360.899999999998
225Pu,11.38
225Ra,5338.139999999998
225Rn,5349.519999999998
225Th,34.14
225U,22.76
226Ac,6130.549999999998
226Am,5.69
226At,10748.620000000003
226Fr,10737.240000000003
226Np,17.07
226Pa,28.450000000000003
226Po,10754.310000000003
226Pu,11.38
226Ra,10731.550000000003
226Rn,10742.930000000002
226Th,6056.449999999998
226U,22.76
227Ac,5263.339999999997
227Am,5.69
227At,5410.409999999998
227Fr,5399.029999999998
227Np,17.07
227Pa,28.450000000000003
227Po,5416.099999999998
227Pu,11.38
227Ra,5393.339999999997
227Rn,5404.7199999999975
227Th,5257.649999999998
227U,22.76
228Ac,10896.350000000002
228Am,5.69
228At,10916.630000000001
228Fr,10905.250000000004
228Np,17.07
228Pa,5733.759999999998
228Pu,11.38
228Ra,10899.560000000001
228Rn,10910.940000000002
228Th,10871.150000000001
228U,22.76
229Ac,4518.139999999998
229Am,5.69
229At,4540.899999999998
229Fr,4529.519999999998
229Np,17.07
229Pa,28.450000000000003
229Pu,11.38
229Ra,4523.829999999998
229Rn,4535.209999999998
229Th,4512.449999999998
229U,22.76
22Al,11.38
22C,22.76
22F,5.69
22Mg,17.07
22N,17.07
22Na,22.76
22O,11.38
22Si,5.69
230Ac,10080.960000000001
230Am,5.69
230Fr,10092.340000000002
230Np,17.07
230Pa,5636.869999999999
230Pu,11.38
230Ra,10086.650000000001
230Rn,10098.03
230Th,10075.270000000002
230U,5603.069999999999
231Ac,4649.884999999998
231Am,11.38
231Cm,5.69
231Fr,4661.2649999999985
231Np,22.76
231Pa,4626.294999999998
231Pu,17.07
231Ra,4655.574999999998
231Rn,4666.954999999998
231Th,4644.194999999998
231U,27.295000000000005
232Ac,9749.360000000002
232Am,11.38
232Cm,5.69
232Fr,9760.740000000002
232Np,760.5700000000002
232Pa,5932.569999999999
232Pu,17.07
232Ra,9755.050000000001
232Th,9743.670000000002
232U,5899.569999999999
233Ac,4594.729999999999
233Am,17.07
233Bk,5.69
233Cm,11.38
233Fr,4606.109999999999
233Np,32.650000000000006
233Pa,4583.3499999999985
233Pu,22.76
233Ra,4600.419999999999
233Th,4589.039999999999
233U,4541.949999999999
234Ac,5046.449999999998
234Am,17.07
234Bk,5.69
234Cm,11.38
234Np,402.76
234Pa,5019.259999999998
234Pu,22.76
234Ra,5052.1399999999985
234Th,5040.759999999998
234U,5006.259999999998
235Ac,4128.129999999999
235Am,17.07
235Bk,5.69
235Cm,11.38
235Np,37.06
235Pa,4116.749999999999
235Pu,27.17
235Ra,4133.82
235Th,4122.439999999999
235U,4111.059999999999
236Ac,10025.310000000001
236Am,17.07
236Bk,5.69
236Cm,11.38
236Np,5676.239999999999
236Pa,10013.930000000002
236Pu,5630.239999999999
236Th,10019.62
236U,10008.240000000002
237Ac,10494.35
237Am,6042.0
237Bk,11.38
237Cf,5.69
237Np,10438.3
237Pa,10482.970000000001
237Pu,6052.3
237Th,10488.66
237U,10477.279999999999
238Am,575.0700000000002
238Bk,11.38
238Cf,5.69
238Cm,17.07
238Np,5955.549999999998
238Pa,9999.240000000002
238Pu,5932.549999999998
238Th,10004.930000000002
238U,9993.550000000001
239Am,24.687
239Bk,17.07
239Cf,11.38
239Cm,22.76
239Es,5.69
239Np,5089.816999999998
239Pa,5445.506999999998
239Pu,5032.816999999998
239Th,5451.196999999998
239U,5439.816999999998
23Al,11.38
23F,11.38
23Mg,17.07
23N,22.76
23Ne,5.69
23O,17.07
23Si,5.69
240Am,6016.569999999999
240Bk,17.07
240Cf,11.38
240Cm,6006.269999999999
240Es,5.69
240Np,11098.800000000001
240Pa,11127.49
240Pu,11037.800000000001
240U,11121.800000000001
241Am,11229.36
241Bk,22.76
241Cf,17.07
241Cm,5907.459999999998
241Es,11.38
241Fm,5.69
241Np,11240.280000000002
241Pa,11251.660000000002
241Pu,11234.59
241U,11245.970000000001
242Am,11135.360000000002
242Bk,22.76
242Cf,17.07
242Cm,5993.759999999998
242Es,11.38
242Fm,5.69
242Np,15895.650000000001
242Pu,15889.960000000003
242U,15901.340000000004
243Am,5209.449999999998
243Bk,22.76
243Cf,17.07
243Cm,28.450000000000003
243Es,11.38
243Fm,5.69
243Np,5227.439999999998
243Pu,5221.749999999998
243U,5233.129999999998
244Am,5809.049999999998
244Bk,28.450000000000003
244Cf,22.76
244Cm,5692.449999999998
244Es,17.07
244Fm,11.38
244Md,5.69
244Np,5824.629999999998
244Pu,5818.939999999998
245Am,5446.159999999999
245Bk,33.46
245Cf,22.76
245Cm,5268.059999999999
245Es,17.07
245Fm,11.38
245Md,5.69
245Np,5476.8499999999985
245Pu,5471.159999999999
246Am,6566.6399999999985
246Bk,6492.339999999999
246Cf,6482.069999999999
246Cm,6502.6399999999985
246Es,17.07
246Fm,11.38
246Md,5.69
246Pu,6585.039999999999
247Am,10304.45
247Bk,5478.759999999998
247Cf,22.76
247Cm,10298.760000000002
247Es,17.07
247Fm,11.38
247Md,5.69
247Pu,10310.140000000003
248Am,11.38
248Cf,27.770000000000003
248Cm,5.69
248Es,17.07
248Fm,11.38
248Md,5.69
249Am,131.54
249Bk,60.84999999999999
249Cf,28.450000000000003
249Cm,125.85
249Es,22.76
249Fm,17.07
249Md,11.38
249No,5.69
24Al,11.38
24F,17.07
24Na,5.69
24Ne,11.38
24O,22.76
24Si,5.69
250Bk,6280.859999999999
250Cf,6249.059999999999
250Cm,6286.549999999998
250Es,509.46999999999997
250Fm,17.07
250Md,11.38
250No,5.69
251Bk,6444.1399999999985
251Cf,6438.449999999998
251Cm,6571.1399999999985
251Es,6432.759999999998
251Fm,22.76
251Lr,5.69
251Md,17.07
251No,11.38
252Bk,6793.1399999999985
252Cf,6787.449999999999
252Cm,6798.829999999999
252Es,6781.759999999998
252Fm,6776.069999999999
252Lr,5.69
252Md,17.07
252No,11.38
253Bk,18601.449999999993
253Cf,18595.759999999995
253Es,12674.760000000002
253Fm,6508.759999999998
253Lr,11.38
253Md,22.76
253No,17.07
253Rf,5.69
254Bk,13441.140000000003
254Cf,13435.45
254Es,13429.760000000002
254Fm,7072.759999999998
254Lr,11.38
254Md,22.76
254No,17.07
254Rf,5.69
255Cf,6585.829999999998
255Db,5.69
255Es,6580.139999999998
255Fm,6574.449999999998
255Lr,17.07
255Md,28.450000000000003
255No,22.76
255Rf,11.38
256Cf,45.519999999999996
256Db,5.69
256Es,39.83
256Fm,34.14
256Lr,17.07
256Md,28.450000000000003
256No,22.76
256Rf,11.38
257Db,5.69
257Es,39.83
257Fm,34.14
257Lr,17.07
257Md,28.450000000000003
257No,22.76
257Rf,11.38
258Db,11.38
258Es,45.519999999999996
258Fm,39.83
258Lr,22.76
258Md,34.14
258No,28.450000000000003
258Rf,17.07
258Sg,5.69
259Db,11.38
259Fm,39.83
259Lr,22.76
259Md,34.14
259No,28.450000000000003
259Rf,17.07
259Sg,5.69
25Al,11.38
25F,17.07
25Na,5.69
25Ne,11.38
25O,22.76
25Si,5.69
260Bh,5.69
260Db,17.07
260Fm,45.519999999999996
260Lr,28.450000000000003
260Md,39.83
260No,34.14
260Rf,22.76
260Sg,11.38
261Bh,5.69
261Db,17.07
261Lr,28.450000000000003
261Md,39.83
261No,34.14
261Rf,22.76
261Sg,11.38
262Bh,5.69
262Db,17.07
262Md,5.69
262Rf,22.76
262Sg,11.38
263Bh,11.38
263Db,22.76
263Hs,5.69
263Lr,34.14
263No,39.83
263Rf,28.450000000000003
263Sg,17.07
264Bh,11.38
264Db,22.76
264Hs,5.69
264Lr,34.14
264No,39.83
264Rf,28.450000000000003
264Sg,17.07
265Bh,17.07
265Db,28.450000000000003
265Hs,11.38
265Lr,39.83
265Mt,5.69
265Rf,34.14
265Sg,22.76
266Bh,17.07
266Db,28.450000000000003
266Hs,11.38
266Lr,39.83
266Mt,5.69
266Rf,34.14
266Sg,22.76
267Bh,22.76
267Db,34.14
267Ds,5.69
267Hs,17.07
267Mt,11.38
267Rf,39.83
267Sg,28.450000000000003
268Bh,22.76
268Db,34.14
268Ds,5.69
268Hs,17.07
268Mt,11.38
268Rf,39.83
268Sg,28.450000000000003
269Bh,22.76
269Db,34.14
269Ds,5.69
269Hs,17.07
269Mt,11.38
269Sg,28.450000000000003
26Al,554.6800000000001
26F,17.07
26Na,5.69
26Ne,11.38
26O,22.76
26P,5.69
26Si,11.38
270Bh,22.76
270Db,34.14
270Ds,5.69
270Hs,17.07
270Mt,11.38
270Sg,28.450000000000003
271Bh,22.76
271Ds,5.69
271Hs,17.07
271Mt,11.38
271Sg,28.450000000000003
272Bh,28.450000000000003
272Ds,11.38
272Hs,22.76
272Mt,17.07
272Rg,5.69
272Sg,34.14
273Bh,28.450000000000003
273Ds,11.38
273Hs,22.76
273Mt,17.07
273Rg,5.69
273Sg,34.14
274Bh,28.450000000000003
274Ds,11.38
274Hs,22.76
274Mt,17.07
274Rg,5.69
275Bh,28.450000000000003
275Ds,11.38
275Hs,22.76
275Mt,17.07
275Rg,5.69
276Bh,34.14
276Cn,5.69
276Ds,17.07
276Hs,28.450000000000003
276Mt,22.76
276Rg,11.38
277Bh,34.14
277Cn,5.69
277Ds,17.07
277Hs,28.450000000000003
277Mt,22.76
277Rg,11.38
278Bh,39.83
278Cn,11.38
278Ds,22.76
278Hs,34.14
278Mt,28.450000000000003
278Nh,5.69
278Rg,17.07
279Cn,11.38
279Ds,22.76
279Hs,34.14
279Mt,28.450000000000003
279Nh,5.69
279Rg,17.07
27F,22.76
27Mg,5.69
27Na,11.38
27Ne,17.07
27P,11.38
27S,5.69
27Si,17.07
280Cn,11.38
280Ds,22.76
280Hs,34.14
280Mt,28.450000000000003
280Nh,5.69
280Rg,17.07
281Cn,11.38
281Ds,22.76
281Mt,28.450000000000003
281Nh,5.69
281Rg,17.07
282Cn,11.38
282Ds,22.76
282Mt,28.450000000000003
282Nh,5.69
282Rg,17.07
283Cn,11.38
283Ds,22.76
283Nh,5.69
283Rg,17.07
284Cn,17.07
284Ds,28.450000000000003
284Fl,5.69
284Nh,11.38
284Rg,22.76
285Cn,17.07
285Fl,5.69
285Nh,11.38
285Rg,22.76
286Cn,17.07
286Fl,5.69
286Nh,11.38
286Rg,22.76
287Cn,22.76
287Fl,11.38
287Mc,5.69
287Nh,17.07
288Cn,22.76
288Fl,11.38
288Mc,5.69
288Nh,17.07
289Fl,17.07
289Lv,5.69
289Mc,11.38
289Nh,22.76
28Al,1247.2
28F,1329.47
28Mg,1312.4
28Na,1318.0900000000001
28Ne,1323.78
28P,11.38
28S,5.69
290Fl,17.07
290Lv,5.69
290Mc,11.38
290Nh,22.76
291Fl,22.76
291Lv,11.38
291Mc,17.07
291Ts,5.69
292Lv,11.38
292Mc,17.07
292Ts,5.69
293Lv,17.07
293Og,5.69
293Ts,11.38
294Og,5.69
294Ts,11.38
295Og,5.69
29Al,5.69
29Cl,5.69
29F,28.450000000000003
29Mg,11.38
29Na,17.07
29Ne,22.76
29P,17.07
29S,11.38
30Al,5.69
30Mg,11.38
30Na,17.07
30Ne,22.76
30P,405.49
30S,5.69
31Al,74.39
31Ar,5.69
31Cl,11.38
31F,97.15
31Mg,80.08
31Na,85.77000000000001
31Ne,91.46000000000001
31S,17.07
31Si,68.7
32Al,769.39
32Ar,5.69
32Cl,11.38
32Mg,775.0799999999999
32Na,780.77
32Ne,786.46
32P,694.9
32Si,763.6999999999999
33Al,87.78
33Ar,5.69
33Cl,11.38
33Mg,93.47
33Na,99.16000000000001
33P,76.4
33Si,82.09
34Al,17.07
34Ar,5.69
34Cl,2058.26
34Mg,22.76
34Na,28.450000000000003
34Ne,34.14
34P,5.69
34Si,11.38
35Al,65.7
35Ar,17.07
35Ca,5.69
35K,11.38
35Mg,71.39
35Na,77.08000000000001
35P,54.32
35S,48.63
35Si,60.010000000000005
36Al,17.07
36Ca,5.69
36Cl,50.24
36K,11.38
36Mg,22.76
36P,5.69
36Si,11.38
37Al,22.76
37Ar,13.760000000000002
37Ca,5.69
37K,11.38
37Mg,28.450000000000003
37Na,34.14
37P,11.38
37S,5.69
37Si,17.07
38Al,442.76
38Ca,5.69
38Cl,420.0
38K,403.79
38Mg,448.45
38P,431.38
38S,425.69
38Si,437.07
39Al,404.56
39Ar,218.8
39Ca,5.69
39Cl,381.8
39Na,5.69
39P,393.18
39S,387.49
39Si,398.87
39Ti,5.69
3H,5.69
40Al,28.450000000000003
40Cl,5.69
40K,560.64
40Mg,34.14
40P,17.07
40S,11.38
40Sc,11.38
40Si,22.76
40Ti,5.69
41Al,322.55
41Ar,294.1
41Ca,14.350000000000001
41Cl,299.79
41P,311.17
41S,305.48
41Sc,11.38
41Si,316.86
41Ti,5.69
42Al,55.04
42Ar,26.59
42Cl,32.28
42Cr,5.69
42K,20.9
42P,43.66
42S,37.97
42Sc,11.38
42Si,49.35
42Ti,5.69
43Al,171.14
43Ar,142.69
43Cl,148.38
43Cr,5.69
43K,137.0
43P,159.76
43S,154.07
43Sc,361.57
43Si,165.45
43Ti,17.07
43V,11.38
44Ar,32.69
44Cl,38.38
44Cr,5.69
44K,27.0
44P,49.760000000000005
44S,44.07
44Sc,644.3500000000001
44Si,55.45
44Ti,11.75
44V,11.38
45Ar,268.89
45Ca,77.2
45Cl,274.58
45Cr,5.69
45Fe,5.69
45K,263.2
45P,285.96
45S,280.27
45Si,291.65
45Ti,144.76
45V,11.38
46Ar,11.38
46Cl,17.07
46Cr,17.07
46Fe,5.69
46K,5.69
46Mn,11.38
46P,28.450000000000003
46S,22.76
46Sc,111.8
46V,22.76
47Ar,185.18
47Ca,173.79999999999998
47Cl,190.87
47Cr,17.07
47Fe,5.69
47K,179.49
47Mn,11.38
47P,202.25
47S,196.56
47Sc,142.6
47V,848.8700000000001
48Ar,176.47
48Ca,165.09
48Cl,182.16
48Cr,103.38
48Fe,5.69
48K,170.78
48Mn,11.38
48Ni,5.69
48S,187.85000000000002
48Sc,159.4
48V,393.68
49Ar,255.18
49Ca,243.8
49Cl,260.87
49Cr,636.6800000000001
49Fe,5.69
49K,249.49
49Mn,11.38
49Ni,5.69
49S,266.56
49Sc,69.0
49V,637.1
4H,5.69
4Li,5.69
50Ar,22.76
50Ca,11.38
50Cl,28.450000000000003
50Co,11.38
50Fe,17.07
50K,17.07
50Mn,22.76
50Ni,5.69
50Sc,5.69
51Ar,28.450000000000003
51Ca,17.07
51Cl,34.14
51Co,11.38
51Cr,369.04
51Fe,17.07
51K,22.76
51Mn,368.57
51Ni,5.69
51Sc,11.38
51Ti,5.69
52Ar,34.14
52Ca,22.76
52Cl,39.83
52Co,11.38
52Fe,351.38
52K,28.450000000000003
52Mn,601.1800000000001
52Ni,5.69
52Sc,17.07
52Ti,11.38
52V,5.69
53Ar,34.14
53Ca,22.76
53Co,11.38
53Fe,17.07
53K,28.450000000000003
53Mn,17.610000000000003
53Ni,5.69
53Sc,17.07
53Ti,11.38
53V,5.69
54Ar,34.14
54Ca,22.76
54Co,11.38
54K,28.450000000000003
54Mn,0.54
54Ni,5.69
54Sc,17.07
54Ti,11.38
54V,5.69
54Zn,5.69
55Ca,28.450000000000003
55Co,111.6
55Cr,5.69
55Cu,11.38
55Fe,112.21
55K,34.14
55Ni,17.07
55Sc,22.76
55Ti,17.07
55V,11.38
55Zn,5.69
56Ca,102.05
56Co,190.93
56Cr,79.28999999999999
56Cu,11.38
56K,107.74
56Mn,73.6
56Ni,12.13
56Sc,96.36
56Ti,90.66999999999999
56V,84.97999999999999
56Zn,5.69
57Ca,34.14
57Co,2223.36
57Cr,11.38
57Cu,2083.69
57K,39.83
57Mn,5.69
57Ni,2222.69
57Sc,28.450000000000003
57Ti,22.76
57V,17.07
57Zn,5.69
58Ca,34.14
58Co,0.75
58Cr,11.38
58Cu,11.38
58K,39.83
58Mn,5.69
58Sc,28.450000000000003
58Ti,22.76
58V,17.07
58Zn,5.69
59Ca,56.08
59Cr,33.32
59Cu,11.38
59Fe,21.94
59Ge,5.69
59K,61.769999999999996
59Mn,27.630000000000003
59Ni,12.13
59Sc,50.39
59Ti,44.7
59V,39.010000000000005
59Zn,5.69
5H,17.07
5He,11.38
5Li,5.69
60Ca,181.01
60Co,95.77
60Cr,158.25
60Cu,254.07
60Fe,146.87
60Ga,11.38
60Ge,5.69
60Mn,152.56
60Sc,175.32
60Ti,169.63
60V,163.94
60Zn,17.07
61Ca,169.32999999999998
61Co,129.5
61Cr,146.57
61Cu,150.17
61Fe,135.19
61Ga,11.38
61Ge,5.69
61Mn,140.88
61Sc,163.64
61Ti,157.95
61V,152.26
61Zn,17.07
62Co,489.0
62Cr,506.07
62Cu,536.5800000000002
62Fe,494.69
62Ga,11.38
62Ge,5.69
62Mn,500.38
62Sc,523.14
62Ti,517.45
62V,511.76
62Zn,270.38
63Co,23.115000000000002
63Cr,40.185
63Fe,28.805
63Ga,11.38
63Ge,5.69
63Mn,34.495000000000005
63Ni,17.425
63Sc,57.254999999999995
63Se,5.69
63Ti,51.565
63V,45.875
63Zn,352.78
64As,11.38
64Co,5.69
64Cr,22.76
64Cu,278.21
64Fe,11.38
64Ga,22.76
64Ge,17.07
64Mn,17.07
64Se,5.69
64Ti,34.14
64V,28.450000000000003
65As,11.38
65Co,134.09
65Cr,151.16
65Fe,139.78
65Ga,344.67
65Ge,17.07
65Mn,145.47
65Ni,128.4
65Se,5.69
65Ti,162.54000000000002
65V,156.85000000000002
65Zn,487.22
66As,11.38
66Co,336.89
66Cr,353.96
66Cu,266.2
66Fe,342.58
66Ga,330.38
66Ge,173.38
66Mn,348.27
66Ni,331.2
66Se,5.69
66V,359.65
67As,11.38
67Co,62.38
67Cr,79.45
67Cu,51.0
67Fe,68.07
67Ga,215.27
67Ge,214.28
67Kr,5.69
67Mn,73.76
67Ni,56.69
67Se,5.69
67V,85.14
68As,11.38
68Co,17.07
68Cr,34.14
68Cu,5.69
68Fe,22.76
68Ga,365.08000000000004
68Ge,12.48
68Kr,5.69
68Mn,28.450000000000003
68Ni,11.38
68Se,5.69
69As,326.69
69Co,338.46999999999997
69Cr,355.53999999999996
69Cu,327.09
69Fe,344.15999999999997
69Ge,471.59
69Kr,5.69
69Mn,349.84999999999997
69Ni,332.78
69Se,5.69
69Zn,321.4
6Be,5.69
6H,11.38
6He,5.69
70As,601.3800000000001
70Br,11.38
70Co,17.07
70Cr,34.14
70Cu,5.69
70Fe,22.76
70Ga,137.8
70Kr,5.69
70Mn,28.450000000000003
70Ni,11.38
70Se,373.38
71As,219.26999999999998
71Br,11.38
71Co,61.07
71Cu,49.69
71Fe,66.76
71Ge,220.36999999999998
71Kr,5.69
71Mn,72.45
71Ni,55.38
71Se,17.07
71Zn,44.0
72As,188.81
72Br,17.07
72Co,141.26999999999998
72Cu,129.89
72Fe,146.96
72Ga,51.8
72Kr,11.38
72Mn,152.65
72Ni,135.57999999999998
72Rb,5.69
72Se,18.310000000000002
72Zn,124.2
73As,296.57
73Br,11.38
73Co,79.86
73Cu,68.48
73Fe,85.55000000000001
73Ga,57.1
73Kr,5.69
73Mn,91.24000000000001
73Ni,74.17
73Se,295.38
73Sr,5.69
73Zn,62.79
74As,147.6
74Br,1097.38
74Co,28.450000000000003
74Cu,17.07
74Fe,34.14
74Ga,5.69
74Kr,508.38
74Ni,22.76
74Rb,11.38
74Sr,5.69
74Zn,11.38
75Br,218.76
75Co,209.85000000000002
75Cu,198.47
75Fe,215.54000000000002
75Ga,187.09
75Ge,181.4
75Kr,22.76
75Ni,204.16
75Rb,17.07
75Se,220.0
75Sr,11.38
75Y,5.69
75Zn,192.78
76As,87.8
76Br,164.48
76Co,121.94
76Cu,110.56
76Fe,127.63
76Ga,99.17999999999999
76Ge,93.49
76Kr,18.48
76Ni,116.25
76Rb,17.07
76Sr,11.38
76Y,5.69
76Zn,104.87
77As,44.5
77Br,928.9700000000001
77Co,116.35
77Cu,104.97
77Ga,93.59
77Ge,87.9
77Kr,777.0700000000002
77Ni,110.66
77Rb,573.0700000000002
77Sr,17.07
77Y,11.38
77Zn,99.28
77Zr,5.69
78As,159.0
78Br,5.69
78Co,407.45
78Cu,396.07
78Ga,384.69
78Ge,379.0
78Ni,401.76
78Rb,22.76
78Sr,17.07
78Y,11.38
78Zn,390.38
78Zr,5.69
79As,61.489999999999995
79Cu,84.25
79Ga,72.87
79Ge,67.17999999999999
79Kr,467.07
79Ni,89.94
79Rb,372.07
79Se,55.8
79Sr,17.07
79Y,11.38
79Zn,78.56
79Zr,5.69
7B,5.69
7Be,11.38
7H,11.38
7He,5.69
80As,5.69
80Br,1.41
80Cu,28.450000000000003
80Ga,17.07
80Ge,11.38
80Ni,34.14
80Rb,1550.0700000000002
80Sr,17.07
80Y,11.38
80Zn,22.76
80Zr,5.69
81As,263.29
81Cu,286.05
81Ga,274.67
81Ge,268.98
81Kr,572.9800000000001
81Mo,5.69
81Ni,291.74
81Rb,562.3800000000001
81Se,257.6
81Sr,336.38
81Y,11.38
81Zn,280.36
81Zr,5.69
82As,87.58
82Br,76.2
82Cu,110.34
82Ga,98.96000000000001
82Ge,93.27000000000001
82Mo,5.69
82Nb,11.38
82Ni,116.03
82Rb,222.44
82Se,81.89
82Sr,24.44
82Y,22.76
82Zn,104.65
82Zr,17.07
83As,257.78999999999996
83Br,82.0
83Cu,280.55
83Ga,269.16999999999996
83Ge,263.48
83Mo,5.69
83Nb,11.38
83Rb,214.26
83Se,252.1
83Sr,212.76
83Y,22.76
83Zn,274.86
83Zr,17.07
84As,156.38
84Br,145.0
84Ga,167.76
84Ge,162.07
84Mo,5.69
84Nb,11.38
84Rb,340.5
84Se,150.69
84Y,22.76
84Zn,173.45
84Zr,17.07
85As,18.57
85Br,7.19
85Ga,29.950000000000003
85Ge,24.26
85Kr,1.5
85Mo,5.69
85Nb,11.38
85Ru,5.69
85Se,12.88
85Sr,24.44
85Y,22.76
85Zn,35.64
85Zr,17.07
86As,17.07
86Br,5.69
86Ga,28.450000000000003
86Ge,22.76
86Mo,17.07
86Nb,22.76
86Rb,232.5
86Ru,5.69
86Se,11.38
86Tc,11.38
86Y,757.7600000000002
86Zr,105.75999999999999
87As,385.57
87Br,374.19
87Ga,396.95
87Ge,391.26
87Kr,368.5
87Mo,17.07
87Nb,22.76
87Rb,81.7
87Ru,5.69
87Se,379.88
87Tc,11.38
87Y,228.54999999999998
87Zr,28.450000000000003
88As,198.97
88Br,187.59
88Ge,204.66000000000003
88Kr,181.9
88Mo,22.76
88Nb,352.76
88Rb,143.9
88Rh,5.69
88Ru,11.38
88Se,193.28
88Tc,17.07
88Y,714.1700000000003
88Zr,354.67
89As,334.06
89Br,322.68
89Ge,339.75
89Kr,316.99
89Mo,17.07
89Nb,644.0700000000002
89Rb,311.3
89Ru,5.69
89Se,328.37
89Sr,189.0
89Tc,11.38
89Zr,1039.5700000000002
8B,11.38
8Be,17.07
8C,5.69
8He,28.450000000000003
8Li,22.76
90As,226.16
90Br,214.78
90Ge,231.85
90Kr,209.09
90Mo,499.76
90Nb,814.5600000000002
90Pd,5.69
90Rb,203.4
90Rh,11.38
90Ru,17.07
90Se,220.47
90Sr,197.71
90Tc,22.76
90Y,1.91
91As,66.56
91Br,55.18
91Kr,49.49
91Mo,28.450000000000003
91Nb,34.14
91Pd,5.69
91Rb,43.8
91Rh,11.38
91Ru,17.07
91Se,60.870000000000005
91Sr,38.11
91Tc,22.76
91Y,1.91
92Ag,5.69
92As,255.45
92Br,244.07
92Kr,238.38
92Nb,5.69
92Pd,11.38
92Rb,232.69
92Rh,17.07
92Ru,22.76
92Se,249.76
92Sr,227.0
92Tc,635.7600000000002
92Y,68.0
93Ag,5.69
93Br,169.85999999999999
93Kr,164.17
93Mo,501.01
93Pd,11.38
93Rb,158.48
93Rh,17.07
93Ru,22.76
93Se,175.54999999999998
93Sr,152.79
93Tc,498.86
93Y,147.1
93Zr,19.1
94Ag,11.38
94Br,93.56
94Cd,5.69
94Kr,87.87
94Nb,145.9
94Pd,17.07
94Rb,82.17999999999999
94Rh,22.76
94Ru,24.930000000000003
94Se,99.25
94Sr,76.49
94Tc,153.92999999999998
94Y,70.8
95Ag,11.38
95Br,279.82
95Cd,5.69
95Kr,274.13
95Nb,43.36
95Pd,17.07
95Rb,268.44
95Rh,22.76
95Ru,28.450000000000003
95Se,285.51
95Sr,262.75
95Tc,254.25
95Y,257.06
95Zr,153.06
96Ag,17.07
96Br,93.14
96Cd,11.38
96In,5.69
96Kr,87.45
96Nb,59.0
96Pd,22.76
96Rb,81.76
96Rh,28.450000000000003
96Sr,76.07
96Tc,2.17
96Y,70.38
96Zr,64.69
97Ag,17.07
97Br,241.55
97Cd,11.38
97In,5.69
97Kr,235.85999999999999
97Nb,88.5
97Pd,22.76
97Rb,230.17
97Rh,28.450000000000003
97Ru,34.14
97Sr,224.48
97Tc,36.31
97Y,218.79
97Zr,213.1
98Ag,17.07
98Br,215.14
98Cd,11.38
98In,5.69
98Kr,209.45
98Nb,181.0
98Pd,22.76
98Rb,203.76
98Rh,28.450000000000003
98Sr,198.07
98Tc,118.0
98Y,192.38
98Zr,186.69
99Ag,22.76
99Cd,17.07
99In,11.38
99Kr,95.6686
99Mo,61.5286
99Nb,67.21860000000001
99Pd,28.450000000000003
99Rb,89.9786
99Rh,236.45
99Sn,5.69
99Sr,84.2886
99Tc,1.6286
99Y,78.5986
99Zr,72.9086
9B,11.38
9C,5.69
9He,11.38
9Li,5.69
